0,1,2,label
0.9471892665331219,-0.7817196907559337,-0.42636023821193825,2.117860979221856
-2.0577959481329597,-1.4881112859112855,0.7323651828963597,-6.008420440777851
-0.24638635120838465,-1.5699392023760934,-0.7259784500162431,-0.21832750258334432
-0.7433644429559849,-0.979323628288743,0.9168963599213462,-3.345552743000545
0.31696478586862353,-0.3904472510390747,1.081098967267946,-1.1088249538396622
0.8426427595462882,-0.12804299007193948,1.1185541003607289,-0.09633378165223275
0.08767898539925253,-0.2856787946117708,-0.3477212373456251,0.5413587576321343
0.0839379621844086,-0.631670184589541,-0.9166414267962846,1.2475810953452957
-0.08232700806891366,-0.1835943286378021,-0.6504621713912505,0.7741000535745188
0.4471465801859911,0.1742557578162437,0.1340999804909247,0.7411665416846622
-0.8826891752710917,0.3661421068964796,0.47434023234957823,-2.1465934265944986
-0.5775807426588532,0.2629364997933427,-1.5803794552991468,1.3303187009561113
-1.2202185360674225,0.27358600491370416,0.5871180542163175,-3.1549278983461924
-0.7294781731864306,0.9563475916367284,-0.2177017472585149,-0.6426978877729806
1.0333824682469475,-1.7916176549893363,0.23503586899776296,0.9325183211827461
-0.24312552117356256,0.4433096831675812,0.28628792150286747,-0.6676075954615888
0.899859919176215,-2.4188133174452577,1.4909238573962975,-1.5116445463520605
-0.2814891798086663,0.4464528622509893,-1.2192250561673048,1.574868160370145
-0.09174753591374167,-0.1203145225852529,-0.030430468926716282,-0.15791756978312943
0.5640461977931907,0.8136249259315892,2.1038434052465806,-1.7352930568968543
0.2946065507343619,1.8024772253459502,1.5908383070218706,-0.8153540389439458
-1.443539770422184,0.7521827714078521,-1.0280215170320612,-0.9309359687986297
0.7244973435788719,-0.915698036259583,1.2925139550889535,-1.0863492315179095
0.308176476100757,0.6410123304436917,0.6277433718302261,-0.05926839632944608
0.33546325817042916,0.1209296255111934,0.030988303794280192,0.7106213278037309
0.6082797589467681,1.3308514531152364,-0.9658035581529395,3.3467814928260804
-0.6117474120260213,-1.4926730055187818,-0.23536067607892416,-1.4287516729649044
0.4084952470558667,1.8261352682298113,-1.7435231853367612,4.267242886359139
0.016011242944942248,2.1168540970885887,-0.30391689133742883,1.6086831168404323
-0.41235617338920905,-0.8212135413638855,-0.3076433454139221,-0.9816950872732458
-0.2052265919440326,0.2750514871916824,-1.57563051018516,2.045273504867035
0.5444655468896308,-1.2341551074113828,-0.38640338098135485,0.9679397023145625
-0.19682275313396913,-0.564410235998516,0.6654037108184337,-1.5770595863706287
-1.6395352824489857,-0.49445860304312506,-2.103760082910142,-0.39999097859437094
-0.14723575324016094,-0.3707875742779696,-0.45993653153868774,0.10670795094194284
1.6150592525025471,2.2417446918686674,-1.3170771121952152,6.2623345313278245
-0.5218022274840927,0.7650186307842993,-0.38701018640885176,0.017780551338756
1.5943903885064974,-0.08680138617515916,0.26650990678445013,2.676708796764123
0.5075741809068505,-0.4990030663006318,-0.4815860661070277,1.4336519502117362
-0.7243468189224356,-1.4689957598527792,-1.5246187340620778,0.03615887020693921
0.04127932724149917,-0.8960315444478703,1.7879284617563262,-2.9722316093437975
1.4347139623417402,-0.5473077067020583,1.9660082264201209,-0.3382130633958807
-0.7600693435831852,1.576383325679539,-0.7177107094650769,0.15140989161782403
-1.2741408027946577,0.42750830271836654,-0.30412301680270704,-1.839336444126285
0.10070795632704267,-1.5786517057369158,-0.04834981942808961,-0.5518011748254081
0.13011276200943483,0.3815567364811818,0.05912470274431432,0.4271460729402293
1.661581743618662,0.7962191208051352,-0.90478945280915,4.915221243679226
-0.2911718407785574,-1.6819913056050795,0.9368109232860037,-3.0665371113874986
1.0290718576872337,0.9656718022175137,-0.469753582415054,3.417096446976116
-1.5579935536210083,0.4732547216405231,-0.4117022949583204,-2.2164629482792035
0.9673767508140658,-0.38312886638406723,-0.36632208526740995,2.3227166438235183
0.6210248233010012,-0.3449198115824849,0.15665440712014517,0.7356946142396498
0.6973969023319488,-0.9269320495704618,0.29278868911046435,0.4901937462311576
1.0448601461245761,-0.04385769896140146,1.1744691934874951,0.3881002939226504
-0.17882247824306538,1.3847456353381962,-1.2918973116904056,2.077771355754534
-1.4262989458921418,1.403050370629297,0.4595120782816826,-2.8879595163919287
0.4218238279414831,-1.9467512717462903,0.6491790999019227,-1.2252094820129855
-0.7743675878982378,0.0709106733515226,-2.3839998708891743,2.0534277774672725
-0.6728139630734177,0.637153560501512,0.5875334106709144,-1.9708150374676048
0.3654918699471802,-1.4666741848356923,-0.12826077287077622,0.22992329547816337
-0.050243338817903334,-0.5982230190483712,0.4575110366891268,-0.9213122925245656
-1.8601704385279327,-0.4459558861751155,0.0830251146857135,-4.112692487615878
0.35276852513773255,0.9075940862763904,-1.1843189723902965,2.8578930367968627
-1.8239579146092597,-0.14826695100484746,0.8178078114473265,-4.952955384233824
-0.07235393131961163,0.8478254548945515,0.002474845269057291,0.11102215570981294
1.5176978673359747,2.93695972298636,-1.8312762199159187,7.322680966982757
-1.17563494111175,1.66381532138243,1.1796088615351485,-2.980813257736047
0.012724204091238481,-0.3284402170720582,2.5547578491442775,-4.078029806532629
0.9103661611156832,0.24256118751658398,-1.0614522621955877,3.310429347837427
0.5539112551671262,0.9891519711570788,1.0936319712262608,0.026293848517985094
-0.1272483881325704,-0.8585978585882375,0.9174677644687391,-1.9059029325840158
-0.7198108710089517,0.2365297195889531,0.7522803858900373,-2.2388549729771037
0.7410597872672937,-0.5545185333208984,-1.4978184066553357,3.4859829991227285
-0.6728922639820278,0.756907832245494,0.09254020894216343,-1.2165786037751503
0.2578472667965806,-1.8617312515556679,0.35599726798042186,-1.0870571449025168
0.7917230571768369,2.276644765322211,1.5627643682792507,0.23292238809637142
-2.624056354163817,1.6845398004361967,-0.2276550631960016,-4.108015794341846
-0.8651594641972958,-0.40094846905789794,1.6083743936011095,-4.565917923515106
1.0901714147051091,-0.9759634960922117,1.1619868660809716,-0.08021814948686398
-0.3922303624179856,0.21226690691346536,-0.4366730104711989,0.03267054947047783
-0.44149368190043004,-1.115081413495566,-0.14497162446742606,-1.29665209025139
0.20033110259354325,-0.02113329088701723,-0.28385798475566715,0.799566993623085
-0.14191979861668536,-0.6989804241288049,0.4361740283971349,-1.1324699000774772
0.8622641466155944,0.5788578696397347,-1.6384052603190222,4.4213758980018705
-0.209491383729241,-0.30922552215821997,-0.0478478644097616,-0.5685304405896422
0.8805922525762365,1.3592432901508875,-1.6267073304717512,4.888756784586261
0.10375672904300151,0.4583898024213225,0.943342739754008,-1.0368766379746004
0.6358102960699836,1.9146033316995061,-1.8577435745853073,5.071240415541283
-0.1554023566235121,0.3628490577582839,1.218055772627306,-1.8812093444757736
-0.371889370301983,1.789779627208581,1.2023632190550524,-1.60582513823049
0.5289666562981253,2.2879029706808938,0.8220668459229097,0.8292329425817014
1.7268643797697123,0.19537675726230994,0.0800852945393511,3.456395104444614
-0.7007264540984222,-0.5816494233626617,-0.8488658369383805,-0.5472786129037241
0.5654479025081841,0.5886087722448219,0.867793498256703,0.17270917697979168
0.8891155753835025,-1.767560529726246,-1.043750279139826,2.393235214647906
-0.5905932257414869,1.0194527714841968,-0.09444428128617992,-0.5607096939079191
0.3393652427009443,0.5621946339086655,0.5019303783260043,0.2574461669768417
-0.7731545741282285,-1.2942396373750513,0.5526710739113547,-3.077015033460468
-0.025660379899691704,1.3911087454734592,0.000868015141919652,0.6712852163723387
0.8573830383414611,-0.3421789063837601,-0.17457293849208827,1.6985077690540666
-0.11087745351778566,-1.5707345685295662,0.4155259568541761,-1.6254626486464858
0.8156131939089059,0.4796808415228749,1.1869384211130116,0.23706301889155215
-1.098129906777464,-1.0995262705728808,1.240791852409734,-4.613417738598602
0.8936348584400745,-0.18749476804734422,-0.2710227755300219,2.1153046365829145
0.43801617689226136,1.1862167051854546,-0.4886506281156806,2.2812863058101134
-0.8559668679010061,-0.2871123151463138,-0.47093151712305514,-1.1138410410998674
-0.6229263934098402,-0.9445136540469905,0.21221998384259985,-1.9905176103127564
-0.012021684732834574,0.17026336925557956,0.27981363877145615,-0.37729313488399124
0.14528962077460592,-1.387143114895246,0.9614349360619145,-1.7335391930313808
-0.7617877178549923,0.15551301670002965,-0.5758010540203223,-0.5408090385126124
0.88095734922504,1.4208978783849853,-0.38468402375319816,3.0844277421389448
1.3123683057360709,-0.6023332524034397,-0.33164132567323157,2.802844306943396
0.09521914826670509,-0.3852466005939867,0.5784921589957396,-0.8491281150152751
0.17081115596640692,0.838230996400182,-0.09791710319094872,0.9172699288313233
-0.8520817018926785,-0.5164096897137435,1.2192156499319458,-3.719900752614943
-1.6655976977294844,0.9902448555987129,0.0014615845257314616,-2.7193208896724648
0.7256497953490043,0.6192018539409883,-1.2488603862804204,3.569269456010967
0.06427327996363062,0.8235251169618563,0.05390424350855301,0.3279568169388992
-0.922679206645972,1.8453815024897213,0.06719007227088232,-0.9364233571977882
0.012804482374159027,-0.05053871790383114,0.6364809532359371,-0.9385258432484016
-0.844505699639008,-2.4704983436760513,-0.30238420297270263,-2.353201398908266
-1.1021804445959411,-1.2735055083376596,-0.3122589632880854,-2.335034908382865
-0.9604766501392138,-0.32444056074112443,1.6541620257708975,-4.507291881081495
0.9569455195522854,0.05883516596663827,1.1952318734836243,0.15960391601302726
0.09659162127978542,1.0785205764136507,-1.132218142062949,2.4129557395356365
0.5644237229529995,-1.6616380748392565,1.1122452303315422,-1.390999734639436
0.38755669771892354,0.16517140850670817,-0.752769626402295,1.9822179391567956
1.0773755726169252,0.8111313868381005,-0.3915304358978423,3.30008958675881
-0.36428541927357044,-0.1865881934856693,1.4613210046849234,-2.843743240442385
-0.31733493969661153,1.8851545420302904,0.047946648413389706,0.18127459609605645
0.49033397370301135,0.6402464236421649,0.0769051458931856,1.210305392793802
1.033095351686847,-2.1157915468434076,0.5754621999549525,0.15293939283583116
1.57594299303634,-0.32222996930685815,-0.6928638406657213,3.986422583014791
-0.7231506090122573,-0.1416659654261679,-1.5594332869175074,0.7405340786077147
1.412459420040965,-0.6948319505549901,-0.5800666868920636,3.473269165575975
-0.6629144878179175,-1.3280095406295571,-1.9809421169092554,1.0050381644124904
-0.16966029157022822,-0.7827572610724477,-1.140338805297206,0.9423313661685835
0.8699502989960873,-0.2861110200006954,-0.4755021817081532,2.267905633962901
-0.6913492818863869,-1.3212821417703755,0.9790207685191716,-3.619559841007913
-1.1448180756312107,-0.3080942397888582,-0.10576395844018152,-2.2816192382862317
-0.7102275023248429,-0.22682516794983193,-0.5548314521805513,-0.8155453018744973
0.5313734167846499,1.6395604016080698,-2.5712097712750213,5.669105688950493
-1.271369312502398,0.9699059561989275,-0.28108169255019455,-1.5346603005076305
-0.4584744696158613,-2.6070159227926455,-0.9369098609834784,-0.8057652730125943
0.3698891109336331,-1.2513783808677328,0.5748985498924332,-0.7375938811022077
0.199765991409915,-0.9613327968017442,-1.1279403937834633,1.6604044739449937
0.29824864152651753,-0.32758412615967547,1.3421762604756318,-1.5363495783619572
0.3482412847274748,-1.3838979211185107,0.9815075333122983,-1.407578860278119
0.8299366182352476,-0.2669715642455331,0.5545578579377051,0.6330082723346202
0.7918508899885853,-1.440949252595385,1.3615606086293892,-1.0909542237898888
1.7724013965948275,-0.017708336470438457,1.117820735026585,1.84719763712517
0.4638016767646019,-0.11521675287201072,0.7013284962102097,-0.2124924199992754
1.2171302343792079,-1.2057021023832144,0.8583902519557249,0.6115232815253923
0.5155797465716228,-0.7959254239775274,-1.0713800619109444,2.2043594794163353
0.22265757159467195,-1.2110341379085734,0.5412892406853697,-1.1576420090224921
-0.15963678391145575,0.5702167087715138,0.4440931052923443,-0.6473421507691788
1.0341046853576183,1.035075087719989,-1.2975987193292564,4.391110871689035
-0.3892939688668896,0.4652154912750946,-1.0423695347356166,1.0766163669329696
-0.21452978661096522,-0.8935379249829257,0.8191912939508657,-2.105041536809456
-0.8458545651312699,-2.5550293254488827,0.8900930431919604,-4.303221268436175
-1.697062721271468,-0.29035012385970765,-0.06811898374403696,-3.411557504180894
-2.608553864276493,-0.2931294761370503,1.3639626562746339,-7.279896023846181
-2.019162007013466,-0.5685942304551131,-2.31975427193096,-0.9789198780488085
1.3199411037548245,0.32048997869716245,0.4105531492368987,2.1082806058502124
-0.6709855626717237,0.39267770659581674,-1.4307703329717467,1.092903863742827
-0.28527298476969304,0.11831826090181763,0.21163032628465964,-1.1068227947660705
-0.09337246879315418,0.5569758788735039,-0.16643569487365184,0.3010098999861789
0.7767679924221298,-1.0948424538371715,-0.3244488235769088,1.3692980206718082
0.8784946121601869,1.8235052031614896,0.31521239350775554,2.344380241794833
-0.38593383727416813,1.3407466811286541,-0.15199432732596124,0.31623861552823757
0.943938552028428,-1.9435597059005578,0.775686910439691,-0.1909224868805677
-0.5938453221104588,0.23667010920749307,-0.37970182993082735,-0.5425216932079171
1.235096381441556,-0.23045222726972014,-0.6953307198028311,3.2111801921868715
-2.4089171298586067,0.4487435239652477,1.5656288669653726,-6.917258799128536
-0.2128394684115277,1.6654319876911576,0.7050128660381307,-0.6276644431914968
1.1968392558336514,1.2729574434800275,1.5202591385312012,0.7410531685515073
0.433335700953016,-1.5498121538895346,-1.5430869641672007,2.388405155643785
-0.0007533756471547149,-0.41963741406002875,0.6534766393167888,-1.2544976332001365
-1.197083455873023,1.6902056308960411,-0.8419550463409794,-0.26918070813966766
-1.173373218359563,1.2873570295424894,1.3730173106430463,-3.891223814360904
-0.5227276529255601,0.6509571027444045,0.017060028777652496,-0.8328613965432292
-0.454735577800272,0.5707643313403775,-0.6200475963607467,0.3190474243915949
0.004999470586331895,-2.045702315641842,-0.39762334713104686,-0.5680067172359475
0.7800926689456776,0.822482535325482,-1.9437588415066371,4.937807372114687
1.0992782669734271,0.14442734736373397,0.2095925597792278,1.9777417198177543
-0.2663382400980504,-1.9151545461835502,0.14852565541159954,-1.7819390960573245
-0.04038751477260541,0.09184880605994752,-1.5878650989663088,2.180569686944298
-0.4660225860847072,1.1166822105216532,-0.26047154161862224,0.1991853763926258
-1.4361487810103302,0.21083061356108476,0.5795521181087164,-3.593790696486397
0.44209707532149684,-0.2919531843180126,0.21708665100596655,0.4088059192843222
0.11291873077646178,0.11332425053531753,-0.10803196678431039,0.32240511259117505
-0.2622139701879856,-0.6025836291223248,0.18206802053019508,-1.2119488413835027
1.9551842195760312,-2.4196348313256597,0.3627700913183596,2.2448305825296644
0.02821878393308536,0.9019203476992345,-0.4928008315847262,1.3485329425138075
0.05910733493759095,-1.111841177195779,1.0156943215508092,-1.9282611078912686
-0.3565459909143091,-0.6744592252348393,0.3111273769824037,-1.7011047047661108
0.5932033413032075,0.8055647173132329,0.24384023859330436,1.211562924072234
-0.6111353797963667,-2.291000833235044,-0.5738580951114413,-1.4335909954703516
-0.10546383969128743,0.1605183593707042,0.5688083976714909,-0.8333874350332601
-0.5419025491553972,0.15165812307399762,0.5572125298508912,-1.891703137590982
0.4108236468492222,0.8383733992564487,-0.5798685901957024,2.171825597180242
-0.24971027542216345,0.06364576084411641,-0.4069393691122341,-0.0322735841536414
1.1217146698455573,0.3711221932499379,-0.4795674746301129,3.187520230757367
0.07999608355881334,0.3363422361054855,0.06505903205542025,0.14325206288714604
0.34009542650809454,0.7370124564182499,-1.0908315220554174,2.6592073906812472
-0.6554688238652269,1.6137380851629892,-0.8396003554908986,0.6370187331880466
-0.7944145244207517,-1.4475276183819987,2.40800461906109,-6.072991930372712
-0.48174653352234703,0.9477340373140365,-0.06052967238984803,-0.22441012677196684
-0.6709390195740667,-2.100864754780758,-0.15598220176922817,-2.0761391099826647
0.39454886812726947,0.19212204114511683,0.12517153893714275,0.7809242085681833
0.09148649434679068,-1.7070135611715462,-0.49393401763725975,0.09602560546083955
0.2518904202320483,-1.1728981792902078,0.7702993001264381,-1.4171543080365065
-0.3268714516599337,-0.768872520051452,0.11768540371635682,-1.1322466942693272
0.49704950186730995,0.8756138666825315,1.1413968578869387,-0.22640129443223847
-1.294763447544815,-1.2137420827377923,0.03628893886326266,-3.2486063596754353
0.3019385531875092,0.30653562948820684,-0.42443864758553496,1.354255934483926
0.3370903952710111,-0.2426943626462843,-0.37678075720114906,0.9751632328629133
0.8608675600403438,0.1217032518886278,1.448920479664845,-0.35023493444082004
-1.3375671141003425,0.2034429726406337,0.8213483857908621,-3.859528021371947
-0.30820693771497304,1.611893202022176,-1.274054015758204,1.9518946861112885
-0.389590753501916,-0.4374037488532826,-0.6771321783923675,-0.07450642439933078
-1.276610296791354,-0.14637733053965235,0.1862168046006882,-2.9164494115876543
-1.2594928905639746,0.35839905720868465,1.4645954968224157,-4.415474303512349
1.2459332220417068,-1.4778397721264098,2.048010438495921,-1.328665231427879
-0.8549558758993528,0.4985854635945191,-0.9878914617526124,-0.05755310200603955
-2.075845450676932,-0.074762616620952,0.2687989176922753,-4.6539844478122925
0.2954448006791139,-0.5553371138255705,0.646566491665283,-0.6748280188718914
-0.36292537356532323,0.24628295014246995,-1.88463844858395,2.2208526561842525
-0.16992588662462305,0.19616151345997745,-1.0163487940441558,1.392575883619083
-1.185563635456527,-0.0808788148915404,0.7560959592942328,-3.779502409563656
-0.5639570062455972,1.6802785047143058,-0.13840537218442966,-0.11852003304775494
-0.8753657251715995,-0.08498146890062061,-0.553410548419952,-1.0585835028478927
1.4427066924590424,-0.07061060448636931,0.5030125634205991,2.0890519809670423
0.5513363145233133,1.1700688090122888,2.288650421116376,-1.6782960335428185
-0.3369272936047755,-1.2862027445722062,0.19405506421009694,-1.650747519438804
0.4678044821427403,-0.1773350517651455,1.112578292860632,-0.7541268489379265
0.01743026552136922,-0.33033977574094053,-0.9330893675724371,1.1358431843465304
1.756724585532157,0.12899956005712943,0.7997586543461565,2.5470147214139267
-0.7270543792831671,-0.33835727899997525,1.0559037003213563,-3.261289294425384
-0.06904346537814664,-0.6278920651047483,3.3564559578544575,-5.437645813391428
-0.03650917722233043,-2.5045725859929817,-1.4994323588203295,1.0077796711874156
1.2096741276019005,0.09799453740112038,0.4450523348943421,1.6612229012041007
-0.7613914506009918,0.5495940764078874,-0.2853817862308251,-0.6430789723850869
0.4573881425514454,1.1066160288738582,-0.531161825206793,2.2059424065186124
-0.038205927976105364,0.13514473639760988,-1.4679510310481934,2.1713050232284563
-0.2403907671701685,0.10210389374236223,-0.18593683138252332,-0.11187077001753162
0.9795964339771108,-1.5642383481771063,-1.9659305042764903,4.250422230445294
0.19606015056562798,-0.4179581516661732,-0.9240313735150075,1.6163333105633262
-1.2545300572053237,2.107580659736704,1.1897619486904265,-3.324047083757983
0.6505850567528296,0.4082492373692005,0.24874024613572196,0.9285228893427064
-2.0532461790932555,1.6835479191690272,1.1542869675969867,-4.992384057323641
-1.2178297097802122,1.6629360573120906,1.0122600522899288,-3.042869079942064
0.5738439094771101,0.27713251060055444,1.2726583555811408,-0.7407293503206026
0.4024926345520824,0.8958514716571702,0.050931013787086594,1.2833551738382825
-0.026168194042277004,0.3542868072973921,-0.30085781161126784,0.629887517895754
0.6193362736699037,-0.7961668509097672,1.5281685120793025,-1.4649524489035481
0.2605115968550845,-0.511142552543173,-2.8885685278084843,4.535887722142787
0.00462003191471864,0.5488590982285471,-0.14787207852345183,0.5075228070947617
1.4762867113288303,0.8690958601049608,1.0744455908831447,1.7175126139659809
1.1585700156498875,-0.600089477148781,-2.837626110698906,6.205741440167692
1.206850900007233,-0.9653011062112719,-1.4253495215642773,4.095102903534456
1.350003077453916,0.14892172954775013,-0.5042560920765985,3.450250321979799
0.26641564162759834,-0.3297346962381541,1.085155624043131,-1.3029583087659171
0.43827926174549336,-1.064069099367191,-0.30357527809943674,0.7171219163876078
1.917901968274634,-1.427002836634747,-1.2652391054938001,4.860010263299203
0.7160036707440651,0.3114813038941269,-1.3049879179597983,3.7736104711436194
0.6144017766027505,-0.8650322017521558,-1.3235556881405999,2.7319725817942726
0.2065500061044444,1.7570190786776252,-0.1626624344093748,1.556338416300974
0.7947018059272106,-0.12224436847522518,-0.82844357947086,2.8851909768650215
-0.36280042327787504,0.7196547855077181,0.321233669825805,-1.1078649322652283
-0.9519292198539044,0.3356771931179882,-0.9605268568082688,-0.15096270922503877
-0.5026796996931507,0.516183201907166,-0.16478789232593388,-0.6691781433872072
1.6957804856154024,-0.5421838304892014,0.1352852845468512,3.029951129791167
0.5165086807410258,0.3846437855780861,1.146977831973041,-0.3864394509088084
-1.18346145756456,0.21170800325202377,-0.5332367967195146,-1.540126272432693
-0.3055723065086333,2.133614285458188,-0.9701009486273577,1.8811085499179683
-1.0264959553577435,2.1186772776977967,1.047452906359293,-2.6870829909744796
0.36386177525765434,-1.177272522520254,-1.0180328973503543,1.6983407452785242
0.21058171380244148,0.9528679528998197,0.223632092833044,0.5298937214016228
2.214493254512761,0.2729654972619476,-0.0026823134782154516,4.482366622800778
0.5292560952014858,-2.076177471918797,-0.12617853343442006,0.40673922896554976
-1.9504730599858846,0.44248552941927954,-1.193952514077547,-1.7536939305449637
-0.683875199332281,1.305527717727875,1.8744169696154114,-3.5385878996938014
3.50289565985643,-0.34417102969599966,0.6956407387548403,5.7384882477436525
0.04627430003148035,0.6171703072328978,1.4176032190200831,-1.697505879398163
-0.41576386582758407,-2.1025382245945416,-0.011685607426048988,-1.8849569303884521
-0.8824882271945304,-1.093343999076628,-0.680053842245515,-1.218029961605467
-0.09131158886386999,1.3901533566838764,-0.7036781397504622,1.7181510250921863
-0.028819070044073615,-0.33430640583458154,-0.10495912413750355,-0.07939419071334047
0.6516503077708662,1.2148480412968257,0.32291676371862676,1.3515433396133685
-0.6944504925503033,1.3157642611019642,0.08096940123331012,-0.8162981829768701
-0.2141914423991006,-1.6001074227705212,0.1210687942776203,-1.5256550517521896
0.9307541707273235,0.5546481732302878,0.09843806776335667,1.9116903348763583
-1.0291235323960362,-1.0587794984707073,-0.9553790281474658,-1.3450780305631689
-0.2729809946848075,0.17008644888760163,0.1391154309325966,-0.7700566206156935
-0.819631752606313,-0.29366862216285655,-1.215124998961207,0.016917306564403316
-0.12847157848978363,0.017817312126724622,-1.0746626508080428,1.2360093692101133
-0.49240483092771975,-0.2808052028286103,1.4422444290990184,-3.163767649218209
-0.7359787962835663,-0.2616669559441729,-0.29547870190116204,-1.248146805424446
1.8136286762311324,0.020987495282335573,-0.024539911578574256,3.5374210633363474
-1.1609107180708347,0.8685352994353776,0.15439914210028746,-2.1241271869815646
1.7959419156747662,0.9781902270792511,0.2509276557379865,3.763575286511646
1.083606202235332,-0.14502014220579232,-0.48946407194317765,2.8790007645554097
0.6959028155868643,2.0366723361608563,0.21993374792673281,2.160070150013057
1.3222796599867206,0.8451753823131493,-0.5863715931245789,4.025728076611959
-0.849495428263445,-1.160775426662061,0.07445490894153126,-2.4662328147378054
0.15516736494893962,-0.4650831288399739,-0.5565518632513358,0.882907961217329
-1.1564892135280045,-0.904150891289673,0.6767549842795518,-3.6574385621498258
-1.0697020046345531,0.7535940853656894,-0.6474523660985647,-0.8483916606618015
0.4009318545173165,-2.7310172811137856,1.6390560966319683,-2.9955382585263437
0.44827411017656127,1.4067977299232306,0.8708132183117405,0.24966474577125025
0.9904465698272557,0.9049130935779255,-1.1993576001480777,4.275034595437486
-1.5444813532659722,1.0019244748476923,0.3901595123690287,-3.153878205472819
1.0366178169836402,-0.783826664689133,0.953952347405119,0.18568791523191963
-1.9485516945356698,-1.3373740193273633,-1.9568411761620716,-1.979989734176266
-1.499433945671644,-0.5471216413813305,2.0788044481518324,-6.417332115825062
-0.03203692333191446,-0.907331048122639,-0.6642130270011674,0.3959744965616131
0.7506002349016753,-0.22440077535555664,-0.13948827410680825,1.5076757635702625
2.012646760080419,0.22342609485718554,0.7614756215563322,2.945062861056449
-0.246495874205148,-0.17474123048873624,-0.7545883857450613,0.40775221450145505
-0.9515095707848905,-0.012955203104998637,1.1503313513054194,-3.57068301589807
-1.8292920453998924,-0.7546537041201116,0.941975987365869,-5.448116263329155
-0.3497508252395795,0.003712184540973591,-0.04860132372233107,-0.412528267344052
0.3292428308138184,-0.8978193447091536,-0.45393972045031233,0.8303454040600551
1.3274763262066696,2.3180707819683324,0.1919984026439637,3.4784392425267114
-1.6147636797855052,1.1755275062132822,-1.9733385667557743,0.2948772416466323
3.0498339892971812e-05,-0.08910957935144403,-0.2764946304110887,0.3564206865305852
0.9503477943967684,1.6048880097593359,0.25090616812847666,2.381772126981184
-0.5708655835690002,-0.720033764143356,0.3806893980863479,-2.0120916335769583
-1.6556296131203,0.25352549210871406,-0.5309172151962567,-2.460452578371244
0.8467620087622117,1.0704871154449889,2.221113873669216,-1.3543123399431507
0.27763433117983766,1.3796049713921321,-0.6966013705429352,2.2151276050866904
1.0864073287526,-0.7617526061738694,-0.9203749383183579,3.162347963810754
-2.0463153856559932,0.21619856669812382,-1.6911284511875655,-1.329242024747798
-0.25830513302495284,-1.1771405535281037,0.057939620160315605,-1.274768788500379
1.5090792209924981,-0.2622268412610011,0.3209837663548195,2.404646929362783
-3.538283249782391,-0.7744628491582413,0.14191557898761029,-7.544561670782824
0.612256008148834,0.6745747452072492,-1.4777146394034766,3.9244655692929085
-0.41845850031893894,-0.32616364451178337,-0.018376425461024765,-0.9641057211867162
0.3685146043567851,-0.706967436380907,0.1613167166333133,0.13998826926561825
-1.6497487455463344,-1.257469706373248,1.2139145545409395,-5.6435317504925235
-0.04282176959408616,0.1024084254236504,3.3014745336746434,-5.031610483557371
-0.9862295883893096,0.18132730843975484,0.3747675795388756,-2.309443720598359
0.9728638334240111,0.5479392471083764,-1.3277661118673074,4.282855567566927
-0.9497004478794788,0.465680520968776,-1.410045404288096,0.4045012647555269
-0.5700394463655268,0.021472493290287515,-0.27908399645518833,-0.637518423540193
0.313910954668694,-0.4736946974666584,-0.45843097228230345,1.1537251294984983
0.9438340241592119,0.43822684478181156,-0.27971328180381777,2.5074180827922254
-0.23867056002113857,0.7505625998073548,-0.11422799920108123,0.04606161521106037
0.8152531417877369,-0.7094055137243079,-0.1487811786380717,1.2864615587946742
0.9408170757121253,1.1552401196171078,0.37606275669324873,1.8078905954087878
0.04223643429244861,-0.7058251422492504,-0.5835164510618134,0.6656736281805522
0.1460533684465642,-0.09487862962802647,0.013124765178081185,0.213842996677346
-1.086465619050656,-1.6723485961494529,-0.5917615706995757,-2.043436055704405
0.4254775881425439,0.004932375300697988,0.347599045797891,0.32971621329359896
0.10494040179736204,0.9311158810001273,-0.15975640433910704,1.0176937827642243
-2.1951178784168413,-0.5207510202034037,-1.4137213939235684,-2.5134482063354353
1.2965427598584527,-2.0031455277160055,1.175852071906106,-0.10468166118058266
-0.7014800726092727,-0.04947664321814322,0.6227736786024367,-2.1082391524749116
0.9262006760650565,-0.6743081870291221,-1.5781830849774188,3.7524132290412955
0.4693086119016838,0.307595673577736,2.542338161259771,-2.8011822201045007
-0.5128754193729874,0.15752950385504177,-2.3855635704596065,2.6139929168021956
1.0294364576000201,0.9574810531343744,-0.2638138962253341,3.037428697521493
1.8909862702980527,0.5943328649402492,1.7104087091729423,1.3909519314595704
-0.7709003937798549,1.8577883186559958,-0.2907781339412608,-0.13646912932252986
-0.13002817185631446,0.9425209879867342,-0.08952650215386301,0.14454951947039912
1.8435159041174336,-0.5901402212005131,3.221344453210626,-1.3755929144905452
-1.2251105673237943,-1.0660317716642174,-0.5113317108018199,-2.1881894323494064
-0.36806032280106493,-0.3256044273781865,-1.2987737436443711,1.2087820823503377
-0.5044714805370075,0.7302052737174911,-0.6779942704354587,0.21722386045539444
-0.40459684457719,-0.057117220763301106,0.3673100217982803,-1.3516121093139055
0.3167353304135013,0.26282490454950747,-1.5385590004183254,3.05596379542535
-0.4353995060663567,1.4094432356630124,0.3757669675938841,-0.6441354669441871
0.8800207491449269,1.6534303344434453,0.462066185223094,2.0221251202046413
2.55448236554618,0.41450748740763244,-0.9410959527226652,6.694510526192524
0.283242485990312,1.5254810004032888,-0.4871642497263406,2.0977432628850807
0.7637223446553021,0.20531621063512712,-0.013529948849721292,1.7425809083911699
-0.13958491258572764,0.2521119028885681,-0.531312074904054,0.5896425207189965
-0.7765520936512621,-0.6744744180114433,-0.3481378320928971,-1.212664798706238
0.42094771414097415,1.5727445613608924,1.175156700978956,-0.162030096715464
-0.5686172525527299,0.22890468844060724,0.4240378612670201,-1.6002753588937841
-1.2850820386179744,0.40832165983931556,0.046689939779058526,-2.5390917264187896
-0.06181608071465481,1.9683117746106076,-1.379373777042045,2.9677954626987364
0.7752317728496686,-1.0491623919160127,0.9992564991035539,-0.5775901271948718
0.7090566798637781,0.3921071115830176,-0.303263713845209,1.952877557277002
-0.11146122679039738,-1.6404463653895163,0.5266620353630451,-1.8032164257608987
-0.6612273327867021,0.5310339352932016,0.3335551342004422,-1.8249969818151617
0.321785456576431,0.311151786035673,-1.151365031420687,2.545454663369442
-0.07414070710583914,-0.4455418970431843,-1.109600187370728,1.2160783007150173
-1.3084969968750955,0.12419937199494117,0.9019633444872145,-4.035150611927319
-0.07737547638818812,0.0032418447352448943,-0.47071173726899684,0.6365558208203943
-1.7780669084435858,-0.5299946641591774,1.3576967682682899,-5.756088883564694
-0.7558967774833769,0.1456984332619474,0.159446476272186,-1.651328911834811
-0.06887489528332877,-0.36712914792917184,1.438195971835916,-2.303269456576226
1.2383676806077994,-0.19707640521021463,-1.3734815842720711,4.475879204819381
0.9765637325205645,2.03501403815567,-0.5067245566632618,3.7142148980093794
1.037978486421507,2.2008207937248407,-0.38501879238453396,3.7808315197557163
-0.9721351131007017,-0.6279999137088138,0.1166861234884731,-2.4173344609852316
-1.2345176069967312,-3.484563213289689,-0.08239403934114091,-3.9969315969493904
0.07517087001514128,-0.5656535040039836,-0.5276100171545237,0.5663326756834368
-0.10075520131165634,0.8446743246186182,-1.423223076210598,2.459781329656435
1.5987193047747097,0.07159719212875207,-0.1386797033140876,3.5019737923060252
1.6103174848329653,1.2918014866072667,-0.2867464629810369,4.273638614350382
0.4548077839723102,0.15212128455622131,-0.5778415423382793,1.9761406327431512
-0.6091994617898854,-1.7796066900731269,-0.25485441473644027,-1.6536246779434254
0.4090317148405147,0.8377013535084408,0.00466206648602557,0.9775983561538476
0.1041118683129403,2.6262575281735567,0.4799622405021143,0.8459112477598769
1.5442457296020757,0.9412944773787281,-1.2979054651943636,5.477122564683581
-0.3481757820514271,-0.47622479029466325,0.31706914998300073,-1.4770050090359288
0.6482538366926435,0.017040162550484864,1.8208548019218482,-1.3220172635273428
-1.0348485272815413,0.2879952180100458,-0.021236250717509727,-2.108473637092649
-0.02600199084159209,1.1257371526569637,-0.052359982202897684,0.530583717570754
0.7371170701142158,-0.3044419371863289,-0.5588763938858884,2.0893607363132656
0.2450447449043455,-0.22896928717149465,-1.0946381096051079,2.1940696835132862
-1.067535465257346,0.43920546776052444,-0.5487616820334519,-1.3164957614028434
1.022153124219,-0.4671192072391217,0.7933264840874531,0.7353878985254667
-1.292966019782029,0.6995999596460138,0.7746616337948059,-3.404527264691174
2.4949888227100043,-0.031042712630626308,-0.08923332607786294,5.04261093668711
-0.029796769659616175,0.07216857555617755,-0.36333923921769085,0.4244671371295639
0.503957316293578,-0.4517922127794594,1.4007697643441634,-1.4602379271553652
0.46147500627578397,0.6903360826473683,-0.9385685331951903,2.6672559443883896
0.07654531828243549,0.014179657617529397,0.5969159632020682,-0.7768733941014122
-0.0031861655209495794,-0.5513136511654474,-1.0677660424038753,1.2397927129432487
0.04414526097733414,1.4330825216540324,0.27608202862635794,0.3558407793782938
-0.32586829121806543,1.326417479700336,-1.4359931428478114,2.26829025112443
-1.6136613133589066,1.2710810242623836,0.4227838625966523,-3.255809973601122
2.633825439379588,0.21188304667435265,-0.7614443011185027,6.269684441409468
-0.6575937033250119,0.13500573365019494,-0.7644366023128694,-0.16294750800331168
0.5094340907049107,-0.039430827180175536,-0.5801540227464647,1.874981455317274
-0.7456511293858697,-0.43084710039691604,1.098002234406417,-3.3332843165742
1.1885374390370762,0.18761606273149137,0.8733572753455434,1.1174123286893571
0.916113908272062,0.49772511794240054,0.21496498519615273,1.7525212195185564
0.23675922315036751,-1.2325604572399385,-1.1252272907399723,1.591388838869419
0.011711617659245752,-0.5680197786443151,0.4863360855013385,-0.8309732066702737
-1.5317407683902844,-0.09061849101481508,1.7799739417945606,-5.646565900535155
1.4412483129380305,-1.0412707994115302,-2.1092351600345487,5.59036542689828
0.5503758392753797,1.26147771193884,0.7817497632604729,0.4930997016439784
-1.3545760985647057,-0.85977545863885,0.33364985096545513,-3.653092708937558
-1.1871501503408628,-0.9717475491043605,1.5487991359191686,-5.163345756054901
-0.30952892304475615,0.7240034723449141,0.15409534532062452,-0.5470894155548437
-0.24320548633596661,0.22962512024194,-0.25272182177536484,-0.05753780292528894
-0.0980188206428781,0.7631876779942509,1.491161476387914,-2.2248919351603935
0.14646430787300144,-1.8769247882379276,-0.5012016025746108,0.07059231387073617
0.867578795978852,0.4886607084928043,-0.8388361082658736,3.2136711259776063
-2.1099839252577737,1.2205149158553072,1.107161669964933,-5.200725428466234
-2.580518060540603,-0.7128955404610898,0.858749543091605,-6.833029159624504
0.1817703299340058,1.2529718407623276,0.42430425505539576,0.1733979709323221
-1.1369232125134272,-0.7017189305677558,-0.05519591980689347,-2.557871959082815
-2.0789552765730233,-0.39862625170733346,-0.6753290666930523,-3.3381548671357395
-0.4248671697735705,0.7587219581350728,-1.1158556253580725,1.1767395597589088
-0.36632509573999533,-1.054294387813032,0.35231176949061455,-1.6762780517507128
-0.6418950281769997,0.21960901394596075,1.0451912151140905,-2.8783816062687535
0.2303999773266694,-0.42643789411454036,2.689082586976269,-3.7225759044688425
-0.6633245454735631,-0.9390722752611508,-0.8730209813373714,-0.6516452704231457
-1.540430751226903,-1.232556162637361,-1.000624981638378,-2.007611772841987
1.0411133261989394,1.0618493313506563,-0.5222970518131267,3.4572186686285704
0.05408181918849428,-0.4115285328124736,-1.0465682343532854,1.557539561188004
-0.4730219613987568,-0.10824998829084895,0.2709827105212981,-1.3695367774952527
0.28187995585454323,-0.02237191253929137,-0.8404673328512411,1.7176621151065887
-0.9388337085877414,-0.6245595873203236,-0.06307115169056546,-2.173764579230224
-0.7505498975633269,1.3309321827115266,-0.6806436852380974,0.08686041303416549
-0.4732479702645487,-2.0866417091628797,-0.12002740643754804,-1.9209294540896655
-1.0044645766720903,0.744271748924788,0.07110135717823272,-1.850138640207363
0.07468369146531734,-0.9695627699938371,2.632163944474877,-4.249677734161605
-0.22874287202546348,1.2771707777935455,0.49660136919536657,-0.8105610916828493
0.14015932234144807,-0.3468732116880301,0.34913278597497927,-0.5249144693411729
-1.2150704265110661,0.08307166101012702,0.5673980176652906,-3.241738241590381
-1.5271667374101376,-0.682861275970442,1.2352030589188823,-5.40156028041127
0.21893644669872,0.28932830063896564,1.2328937458165399,-1.1337714503093428
0.38348295375167557,0.4959334138036846,0.9711637494546349,-0.3622231140578794
0.7679084558077565,-0.9420050100471348,0.40821537556362425,0.55682859874518
-0.5787072795946498,-0.4893740505256405,0.9436520550836331,-2.8178881993995715
0.22032148048808584,-1.0340834690958274,-0.6999751537562846,0.9670561462081281
-0.18527973010958898,0.3780919607146086,-1.4180841743071761,1.9101232451674388
0.13313061523955594,-0.560720220667692,-0.12395029143742421,0.42226779433941086
1.6122954758124999,-0.15343929078225815,0.25595413496913527,2.826550377368051
1.1653516780725375,-0.1663968174581256,-1.0586982352261145,3.9357356009929383
0.46518286316201884,0.2070498158535307,-0.3393505551071583,1.6195299452868483
1.9065838259937933,-1.2546027137274827,0.6532144947302744,2.1815308574485224
2.4731680729646333,-0.07457470996646055,0.5833345736249783,4.090645126754406
-0.22547554512138213,-1.9757871209887725,0.6729774433487357,-2.468095899884977
1.275980350273695,0.038966186455044946,-1.5494651636292573,4.7518041347909525
-1.076421514326407,0.3401641819552094,0.126800561272098,-2.245122570314617
0.6144590306418525,-0.6421853874079606,-0.19347567150603462,1.3259269892592713
-0.3083495648159716,-1.0427896639829524,0.2991746175351365,-1.6225326376469973
0.9547403985120517,-0.8612396928465305,1.0592245224672785,-0.15738444990711126
1.0368185301841453,-0.6123770880019155,-0.876231648089407,3.0226629690480147
-0.5343346116582246,1.4940798377955267,1.1976604494486616,-2.1823828181033025
0.7030324904152161,-0.9735325189604723,0.907625770286003,-0.5434792125878282
-1.8455202107379751,-0.3925407878078145,2.1490707500213415,-7.329657480933528
-0.16832772768669807,-0.33343505234754983,-0.12288780522623328,-0.267779559419409
0.8094832528053995,-0.7574206569490366,-2.0256564374799435,4.236148884945755
1.1790502539994707,-0.3754194282053898,-0.5322733056572092,3.0533410827130854
-0.9802526395814656,1.6072338554311845,1.4861705695784364,-3.3134714052416125
2.0206997902307964,0.8628215111577111,-0.5530267924721427,5.240657575356986
1.2620947693823024,-0.725260665055579,-2.337760807019929,5.65977324179134
0.2554948928058872,-0.2907230787715563,-1.1736056672297128,1.987745751665587
0.8646882054376588,-0.12771568915651738,2.0402609339121227,-1.5638640371543597
0.30147997628527284,-1.1750624618964605,0.5828657309410656,-0.8204514677776894
-1.0541168106968861,1.2609566675250754,-1.4572506883531793,0.8083782100955035
-0.8378309901558156,0.7179378015797572,0.14874674437301627,-1.5627765298554261
-0.34109772999936816,1.7649721600558337,0.589432471138627,-0.6226382649403578
-0.0040793313584068505,-0.0759501774532129,-0.9513925049665436,1.2873698983308781
0.4315065888529353,-0.1256550487304841,-1.662150829569003,3.2656571043752733
-0.5561283709747755,-0.5718966821938573,-0.26355350444971337,-1.0731635012070047
-0.3808249918960822,-1.5442154088862927,-0.5029970850694737,-0.7820846929705478
0.2630246464705015,-1.1556703927301806,0.007570064417135847,0.0009580355582703426
0.9022635941322533,0.06336788321540088,1.1166652547023206,-0.02554756747263201
-1.2632869965192657,-1.3390750578984052,1.5907638949558458,-5.589141285416929
-0.4174254322106637,-0.23638410587921985,-1.5191876718497053,1.2316690193071405
-1.2513060277183665,-0.954667136418966,-0.5960414510800436,-2.071716320120928
2.147921331291765,-1.1705783391321094,2.0284331375665547,0.6959082000713854
-1.4473973075141917,-0.004158252222501238,-0.024552739518531503,-2.9857794562900635
0.22548484324559398,0.7950774755560075,1.4560039155261608,-1.4292136925259793
-0.9870548220143648,1.3313502967226747,-0.5406894987972506,-0.5080348793794837
-0.012242616268944564,1.1625549249151532,-0.26165643385200527,1.0141627831081472
-0.5352111640977534,0.0466119707171375,0.9830571677385134,-2.6976986622640133
1.3772459412804188,-0.6073794076418564,0.9721907521770062,0.7618923493697066
-0.4014235665646583,0.5096684548739954,-0.6369988930163961,0.3524023454430054
-0.0563820389411901,1.370485057257558,1.1177926845901642,-1.1337608617506996
1.2522848186980022,0.27055185024996803,0.16368320231023858,2.4243386725899683
-0.10235318662808207,-0.4567025176171264,-0.50044894804283,0.4151956706954037
-1.8522187302372306,-1.5748808133278258,1.5043382113722725,-6.915405941953258
-0.5424160709848868,-0.44306788237495126,0.5239180221264278,-2.158934604151927
-1.3898236831440054,-1.6138401140465979,-1.144333530559614,-1.8077586204784422
0.37586539179379874,-1.2224312305596925,0.33171645411035167,-0.36791072586823015
-1.721775958506166,1.5089656483954057,-0.4272344521160955,-2.040823574912216
0.4648805484118957,0.26250180630506886,1.2152129242227665,-0.7865408082728652
0.40969772837336066,-0.24199707510011076,0.47161961881535647,-0.1399561425134899
0.4516280785239021,-0.806616717674603,-0.41512949236273156,1.0446525536742364
0.9059429635280011,1.3162075369082487,-0.6874361883780684,3.547052246202876
-0.258395659521696,0.5741338202963902,-0.46398626075004795,0.4445816663601807
-0.0972190600763193,-2.012596026640529,-0.20772877414288252,-0.8853154238690775
-0.3584225920023048,-1.3430720924603798,0.624427258562695,-2.310577947819757
-0.7723093234208475,-0.56318864249275,0.8627055974733291,-3.0655513245038417
-0.8436145664593443,1.431834963475982,1.3556947567358368,-2.957048821518485
-0.18118481336225,0.6046584351292164,0.9793245059473172,-1.4489411688038725
-0.791763192004958,-0.28746209842415027,-0.29821505360984385,-1.3573412001353973
-1.2418532866269874,0.7921506241462217,0.27126106237017844,-2.434265615659907
-0.09345185959243703,-0.7622030180678772,0.8054717245912395,-1.7198953740172895
-0.8945871180184907,1.1867400586385588,0.344693291327215,-1.7529426838218405
0.5098831399481569,0.17275598695196812,0.6419095493917718,0.1338117187450053
0.20214324663692887,2.2216690560453634,0.3141115840932412,1.008332031273521
0.490121075983214,0.6404630061472589,0.5469421230343552,0.5149603253364882
0.6080848332820609,-0.24646458697697618,1.1092833432589517,-0.5083120361354067
-1.0178914878800847,-0.22442752131356397,-1.3784300953911908,-0.10364148953210828
-0.5778220788692261,-0.4897902119137282,0.11005524147763325,-1.441228258286979
-0.27603229954282643,-0.422071341129521,0.18126089573441392,-1.120511752513341
-0.7552152385146486,-1.1705789738989103,-0.4662517964245508,-1.2576600973219922
0.8750593436702013,-1.1552036513310167,0.06277505079928443,1.0586982463842782
0.062165031678535175,-0.4058765793803179,0.7741067268214881,-1.290734225943761
0.016085023442818574,0.43032706212542055,-2.2888806294507704,3.4165147160833427
0.15256817342875095,0.08389995206074342,0.05808353945661991,0.2741604264764963
-1.216820359968645,-0.7239981298472882,-0.5967657624693881,-2.059861897315854
1.2799733076244602,0.3235897102595792,-1.8804729330550758,5.566450270849336
-0.7216331614557255,0.5647755568327659,0.05555328550319993,-1.0348400699813796
-0.46077015806689864,0.9011771561605068,0.18712251675541436,-0.7230730773874464
0.5597143300624356,0.5916447775527426,0.12832233152734968,1.203955677068916
0.604976221265144,1.1160644527703778,-0.5672458568756041,2.6210733623339273
1.8811710964490065,-2.21777877508253,0.6814375679057101,1.6830084150687714
0.9146045059326128,-1.5495509220121173,0.08189834780424655,0.9603595271698506
1.3539800835758267,0.42950709144045107,-0.223278861450935,3.284665796692948
-0.8598341609178209,-0.5542123543247996,-0.7331730759239256,-1.050381079882979
-0.20022889667276786,2.597461307421131,-1.678450713318918,3.3639091713054334
0.5871457403949296,0.5256388730217568,-0.5952170290532501,2.3664233029732227
0.9681304796610671,2.237732012856909,-0.14918606039052038,3.1719672165770216
-0.7509975270526842,0.2442887439323789,1.1656980887281225,-2.9990887603555962
0.583338206244768,1.9284673141886988,-2.6261203207913684,6.20097838946739
0.11621894047886892,-0.3430596865668484,-0.9765880374638817,1.5034722439193295
-0.965828986246475,0.6361865295494202,-1.6176540367121364,0.6854806191383935
0.5953347196232677,-1.8428766727760726,0.911143868887479,-1.1087579910429508
-1.8387950766085255,0.10055217423997326,-1.1761194301479243,-2.0369974624978844
1.4219977476398153,0.2416056088090483,-1.888091666859377,5.700380384242194
0.455004493769318,1.0835142207030788,-0.9216958376256487,2.789339220774208
0.08008934844869028,1.725295979474853,-2.2930226696194635,4.540296351372767
1.4037094263317018,-1.2179357148732608,-0.8511987465119535,3.4136674656976584
1.7074712404933898,-0.10695020383439956,-0.05549694542997366,3.3672955794022843
1.0457622678201879,-0.43948142967373477,0.6402087318533549,0.8578907112071283
-0.14374706890855946,-1.6462297249621503,1.1661747358541306,-2.7927064723363033
0.3348105772513643,-0.921252294807667,-0.10325883097200912,0.33640444492306887
-1.4617430162405398,0.2583189452497991,-1.1371243237497606,-1.1021736593430957
1.9521700247096545,-0.470642632210356,-0.1207831959945865,3.776786803171208
-1.2304052211590402,-0.43256269591573704,-1.0729600972575655,-1.0682642587933346
0.3068664509157205,0.4948247399653662,0.6936180984894094,-0.2260707461787981
0.391001487474098,-0.7793351182037175,-0.5567442590478072,1.1185522298943962
-1.0694410411516813,0.9481706454120328,-0.087004558171243,-1.6274501680145035
0.4669476484183026,-0.4203744180020451,-0.4689659553542206,1.417546896927443
-1.1677296390306153,0.2053466273603798,1.562485623521511,-4.732240243698084
-0.9136794322403934,0.2559793338384417,-0.4328457825918933,-0.9700053420479842
0.8540486062227124,-0.11457684620904868,0.1379316687117664,1.3012327069594334
-0.2458783411835832,0.8794860963726886,0.32080102374292263,-0.4910421561610123
-0.05742191584120065,-0.9800030457385538,0.03562348725970272,-0.7485267158057363
-0.5436129708014604,-0.5105598084524421,-0.31435848189728877,-0.8090277926963064
-0.7261089673926688,0.1340499816650606,0.7963162316173327,-2.5641543155226008
2.09410917029013,1.9195617389640462,0.11001533389196201,4.961976465474314
-0.26346018724232884,-1.0629043249241543,-1.1009687224836484,0.7606497408435124
0.44421325038872106,-1.372371472281337,-2.0649238402929773,3.2660579159860044
0.6919905494516605,0.07863477706395368,0.23606634537648707,1.2448380990099388
-0.5558449881769296,0.0026864180419391478,0.15138768941693526,-1.3105288049413486
-0.0734404341971251,-0.3523156478175865,-1.370403264353403,1.6219266685657119
0.9818386373505661,0.3383635285929548,-0.042225422332204575,2.209632642932502
-0.06787622192961472,-0.40574271645061694,-0.22593948701979988,0.008656495267898443
1.5001823691133813,1.1480657075536984,-1.1270763928523888,5.249342202422714
0.6168831816762502,-0.45042141445166145,0.5305050387561934,0.10342364763086884
-0.5566329675800846,-1.9750095395513303,-0.6737843498943904,-1.0840334838419667
1.2880916818088053,0.8873801518922079,-1.306358461112514,4.932151750308151
-1.2325588565667878,-2.2248460059871156,-0.05029219949689936,-3.4459293661297576
-1.373495443879678,-0.883778638616667,-0.8701121874184853,-1.7520661883462487
-0.003163361946565151,1.1628330906493853,-0.150936571169642,0.7773072133646496
-1.3549837184166547,-1.0061773520477069,1.1951726116590684,-5.022982234897836
0.1445894408108375,0.6762172253294833,-1.0406987123307212,2.151472693552527
0.6206032216772227,0.04236279411954179,-0.10943122434233891,1.3236606842976362
1.1861539385888795,-0.6333464370059607,-0.11809589777890656,2.0655610046407173
-0.8835908190984194,-0.6490402302725634,-0.2875592725014149,-1.642703469150026
2.4808127532890727,-0.7461225605374393,-1.559712231515199,6.94650640500908
-2.588365548590668,0.7855857962918608,0.4586026256195589,-5.466491501132717
-0.1172386922837795,0.21313671886942726,0.518353082025644,-0.8930794328011518
-0.1350981258127922,0.45018021035116457,0.7264897681457165,-1.0024524459985487
1.133766515733724,-0.15729064657376796,-1.3289014190817114,4.052909081335953
0.5271189442660673,1.624751447247257,0.581671475238266,0.9078164861214645
-0.0859549601082667,-1.9918906511475898,-0.17720081684750214,-0.8295381134206288
2.034135795316544,1.5669283531064235,2.517090812470996,1.033304247461005
-0.5169992090493047,-1.088833902441414,0.18949180066270147,-1.7836685146136193
-1.056513054876412,0.8675987929687482,0.1848230388299846,-2.078501183367491
1.1193655535660958,0.1369213235602362,-0.6255974931682585,3.328260287815697
-0.41184479357167897,-0.4851775742931366,0.6308273107158849,-2.0719533044756813
-2.107577848418753,1.4135519953979487,2.684617731649733,-7.573900610219434
0.9631437123214606,-1.240401393571231,0.2597795604891032,0.9238266256326647
-0.282516722477615,0.9440202502958739,-0.138647543641349,-0.17702562265142263
0.7358286629581307,0.06244971677190993,0.9523374641444333,0.0005384707004541522
0.514894767252627,0.947593267901726,-2.3329949352885677,4.943577080995107
-0.03057108572315262,-1.557942971684246,-1.727816682871534,1.6404762386742224
0.7748831694253225,1.6486198962773035,0.24892298063510623,1.8175776764308211
-1.337913701220696,1.0439516424073985,-0.587883956759433,-1.3070967002135971
-1.8552882915787137,1.731601562381011,1.1250837003941263,-4.638652113538831
-0.5841077832368771,0.11535348599325004,-0.3639133299096344,-0.5728053023043853
0.9481034386929641,-0.38194270762586263,-0.9003245837104333,2.972010217115445
0.8870380855899143,0.03074910626757071,-0.2600256365640292,2.311918375644809
-0.0090344899171421,2.976481734727701,0.1765091840834396,1.0811931189702837
-1.0344896406269533,1.6045356781569964,0.4504329233375797,-1.9791541490588138
-0.8322243969147486,0.8081817562874829,1.0028897585009209,-2.816323351928278
-0.13160262304374298,0.2101593901117034,0.23451930642512298,-0.31395208661409213
1.9312292008400413,-0.7591440893552088,-0.8920710458196255,4.795174835634549
1.0491677374463255,0.28904320837288444,0.47314309063354637,1.6975790665781938
1.4913270776191576,-0.6103723799671897,0.5778909693199373,1.8275839258527822
-1.118888981121234,-0.19521166938485926,0.8503683161946669,-3.6523314305784456
-0.2741491486206511,-1.3199014873575763,1.7941431636918932,-4.031174102399534
0.19776707903050608,-0.7986475275355375,-0.2483047464534057,0.4212294669941892
0.35985423711963094,-0.44416676924273113,0.3491659034452544,-0.10199535014656541
1.1219785384170262,0.21006566306101318,-1.5639439803684358,4.567947353017628
-0.3691787756406195,-0.6452085676837515,-0.2226303756082015,-0.7891592275562759
1.5746138572357589,1.4474769247402361,0.16025098259065557,3.4506939938571684
-1.353679232459792,-1.2642476001910623,-1.5159022959192407,-1.10247855199253
-0.14818589916797273,-1.3049201937045734,0.3178202643398087,-1.4398875171915353
-0.7314828465827252,-0.45773484601682485,0.9831858641085649,-3.349220593257199
-0.35755513446551496,1.9925817974941655,-0.5378321299725116,0.9350727320993579
-0.828235462874624,0.9562808151828541,-0.2635583597867622,-0.831647587244827
-0.20188776196502295,0.061507217409225226,-1.103149502184434,1.2194940833277546
-0.8462394761309666,0.48942252448003937,-0.5563355865516694,-0.8030212368964674
-1.1030095949268486,-0.8908532884217859,-0.22872059840240538,-2.165573367469038
-0.080126985849494,-0.6728275952063641,2.5405182051007262,-4.325766339173594
0.01442871398607489,0.46486820300566145,-2.0725485810302877,3.4436791992270814
-1.16904052277846,1.713374179417049,-1.5671805813674557,0.8281786736838287
2.1753625034705446,0.6103479542498951,2.111422420643399,1.3513048743296827
-1.4426063094618906,-1.0976783698566603,0.9566918761255354,-5.046018324639452
0.22509041598214394,-0.46917798942642286,0.1473774131344631,-0.26919290237529453
-1.2035145201921162,-0.9590906866248339,0.26275239667547295,-3.1381650859504244
1.1906781257112526,1.918843517582679,0.8646858354005809,2.1490404838728083
-0.14873204479393462,0.9288970358562458,0.5555762727286788,-0.6870334759397636
-2.1190294981654576,0.43639875587760457,1.4645833039795184,-6.220108307191745
0.6870464012425346,1.2190752277460077,-1.33682532713661,4.004088222100413
-0.045404290861453825,0.4313014645048357,-0.17296962500547527,0.5677752568609276
0.11439436388123284,-1.2119098306758744,0.802213590259857,-1.6397573363888205
0.9931481489491799,0.41289174281611046,-1.2387837519421359,4.136211395645644
0.042812195179788605,-1.741376552552011,0.35473678534203545,-1.4653194301278156
0.9706958027290598,1.4404021944624268,-0.6857606058747624,3.59312353257418
0.4032646353553959,0.0652793054254962,0.8472492436896333,-0.31029308582860954
-1.1135744417535878,0.2714192374346057,-1.7288233641367343,0.4638163364909278
-0.7038346299291821,0.6345786868877636,0.02399262441345907,-1.280061158791114
0.8540330287708381,0.787418937890432,1.0034681188319372,0.7793119976711733
0.3490144196578882,0.19558327569837491,-0.7308256882258751,1.5867582555572957
-0.38618649613152833,-1.682530367806334,0.28756783847510115,-2.0316644791967335
-0.6598443233931647,0.30259769546186577,-0.07050530117887086,-1.1754177414308211
0.6559477051404204,0.322126395193844,-1.4620087676156421,3.6065871540231296
-1.4062723762211824,-0.4552984802584296,0.789369709817752,-4.234506494832544
0.939737615794492,0.18143783122568383,0.19743619985985603,1.7788388785719151
0.5841992160912515,1.4274066425132854,0.3113338034329816,1.4118226909923688
0.2087797584630547,0.3981170073436467,-0.20105119105833122,1.0160331604260682
-0.9427391413231815,0.05852963505122611,0.43826290547690155,-2.5595277632103253
-0.6316927237667302,-1.818105138636447,2.0875511578809083,-5.24311763080706
1.441528045309504,-0.2811125934488771,-1.598324649250701,5.0917858876797775
0.6297086660276953,-1.2237259468080366,-0.1553067959844554,0.9349193589343682
-1.4792508781331615,1.6817195400986906,1.0715116364558905,-3.7617653268516453
-0.4706984446915048,0.28682866946071317,-0.7312466556587897,0.39265006340052305
0.40850217760934626,-0.6099400712559475,1.1920442711462556,-1.1965664883728082
1.805729817441846,-0.6252837729062732,-1.1077470413182022,4.836136570270953
-0.862399078390583,1.7269035388494234,1.2709298671736806,-2.748848678814112
0.519448129906503,0.20253157074034572,0.5473046331662899,0.46591199905249303
2.000856454358577,-0.6294551609344937,-0.603953923774098,4.546620782879928
0.863417861849567,-0.257057342093062,-1.6990375663304342,4.081335529149702
-0.5375318681075081,-0.20155986605287432,-0.04629235161805312,-1.1280849120846186
1.106180072674879,0.8744351995177432,2.1514929387034334,-0.5695500668712755
-0.16654152837496197,0.9340730318072793,-0.03277931481963877,0.10346421146859615
1.3187819073932663,1.6518111121399788,-1.7325228943915905,6.030563122711138
-0.3244641695210375,-0.9520361987022362,-0.4696243739622838,-0.33891274544053085
0.6843426281785714,0.14635625742792813,-0.020237527512569835,1.537033701334118
-0.2874692265180525,-0.6333210144451233,-0.22844583449232972,-0.562142702794857
0.8778824685638972,-2.757699647697016,-0.3015567954173568,0.8466089630358172
0.002215772800578457,-0.5874629821393784,-0.3656936181809879,0.28068647807030606
0.6271975264740209,0.7164730226749922,-1.0320604624004264,3.06735846515039
-0.0859438054188354,-1.1246801599235432,-0.5056800147371814,0.0009623505328546292
0.8857660959954963,0.08740646496482224,-0.6204748041574214,2.832056750751691
0.6537707550767349,-0.8714633487142652,-0.6046695917556455,1.7531776646190576
0.3794078309772083,0.8524644073325218,1.4622711699665076,-1.1451162639695487
0.01745146708862312,-0.7213951983734683,-0.04255278683878737,-0.18087205921043914
-0.8064082287091756,1.566704147747023,-1.292885388884585,1.153036784780342
-0.22726732253655857,-0.03001907497306182,1.3448497717911447,-2.3250386819393705
-0.41952590385722066,-0.6166649657231416,0.4835004954602392,-1.8514909042423409
0.019308739814135004,0.3426176865147856,1.8345851674816926,-2.6864644571463883
0.2949504261758474,-1.3307562669989663,1.087171288232873,-1.6010703150756012
0.6599148274321439,-0.01076824255023434,-0.40852829084552045,1.8708128684217562
-0.03286231170412282,-0.1940068832835223,-0.16619459697784886,0.10281122586262406
1.0848116695731755,-1.7643668986120544,-0.7493647678761014,2.226308438167773
-0.1008893031462325,-2.510884508055992,1.6675186309405006,-4.063720683558271
0.15712439567558964,0.1847561815378629,0.5191032093678287,-0.4140012356155641
-1.9427027953522187,-0.8426619845305543,-0.999345982561312,-2.854362160922372
0.19918942169081574,1.374056372769511,1.5048442046211465,-1.1789496864501496
1.9408279484770985,-1.3292694442830688,-1.279386871226293,4.996815817910255
0.7099228199088543,-0.9720773880561889,1.5280211118716238,-1.1923446717231931
0.6071995999062826,-0.6076384031475897,-1.145079532085461,2.6336690784155126
0.24812813746072507,1.504615859141654,0.4927159797498817,0.47539952168780586
-0.5945392911180591,0.43879576295866174,-0.006986739492097915,-0.8976030529519784
1.2984253765620262,-1.1475613545015753,-0.04688537487908091,2.1404690103163335
-0.6901752137116467,1.3387909878915651,-1.1130748678331381,1.0129405188948464
-0.2038736198820765,0.17076938272451492,-0.37374891551094935,0.15511045177986074
2.5621956679074427,0.461024507388867,-0.3906509914580721,5.72961787685894
0.4462723992353119,-1.225427275540775,-1.2609263768845709,2.096588995460813
-0.367836396629691,-0.07192837328442796,0.3150266576961457,-1.1871862308082721
0.0540707716024254,-2.1123168487592405,0.7130724832179356,-2.04776444950023
1.2448521777279467,0.027399597486614538,-1.346116380181359,4.538993994340747
0.1962440050845452,1.2991507556646236,-0.34515032097593756,1.529461111736948
0.9558008134106298,0.08909859380518559,0.5147320221002211,1.134893465115075
1.9806633728688798,-1.5008654888033968,0.29048392354500463,2.8727256259066807
-0.6301115967570746,-0.46254548008225477,-0.01840450891439201,-1.372993673191587
-2.1149829408842797,-1.532834316571298,-0.6687947626719782,-3.891720961781943
0.0751226530051627,-0.12037654531129081,0.3872927264820467,-0.5795477843680894
0.6206306117668255,0.7006848203627869,-0.024691082955209418,1.672575224926368
0.35477545725692206,0.19304694283874083,1.216311807602459,-1.064122426727609
1.3221414216782923,0.030852153092933404,-0.8939231197442011,4.022003303318324
0.8424355180721547,0.3809871712031186,-1.7602684035405654,4.655133719847469
-0.3822761861273259,-1.1328953822543237,-1.1869043528002854,0.4790032437354117
0.6662083700568304,1.1456545969974343,-0.3729540784124239,2.391887594028399
0.8049849287256524,1.1243062707552458,-1.3639787432968715,4.051787437806844
1.1030833994642772,-0.597144499437829,0.046912563663327106,1.8765877501325041
-0.23360394989687483,0.7351932322334701,0.6978945527844465,-1.2242122099620678
0.14363150444156808,1.2004916724494112,2.3038225922879563,-2.531555235242112
1.0549274142824552,-1.5388784039988792,-0.657239073779388,2.228764383301605
0.45262060512253166,-0.18135779350326767,0.021383263158053924,0.792823965192111
1.8049462312622508,-1.6321985685662077,0.5385066493884637,1.8272084001937685
1.0161328058874295,0.5977433154318439,0.35197000906634796,1.8448441638262474
1.5877109887183192,-0.9016684430574726,1.5363897398860458,0.41656137194360904
-0.4814643782946747,0.6878003435120085,-2.225625231015933,2.6652852111312924
0.07339884503949466,-0.25544483219178094,0.27601326273104265,-0.42385227058488106
-0.6774946984456113,-0.2865196218041236,-0.1859706199243362,-1.2733133731224366
-0.3247825667497656,0.4971304816600383,0.7696499849879495,-1.5143171663175712
1.2798117413041648,0.05922888337150096,0.889379442677205,1.228646721211162
0.02472675034946932,-0.9973806179299212,-0.20175920746246293,-0.2196439510306839
0.39376703903418137,-0.31048531863321793,0.2438964445245323,0.1647385571376612
-0.48027141741165014,1.5305294863106271,-0.8422896639102659,1.0155591031184128
0.5348472870262466,0.1393491173489903,-1.1499507945865033,2.955935406631233
0.2349385960756327,-2.109525441731691,-0.6933981884951701,0.45163807028645164
-2.185521233090704,-1.930977054321889,-0.14303600895884763,-5.105970256055471
-0.5575227867735433,-0.7832561095053391,-0.48855838941845964,-0.8088390306736345
1.0160375849196759,0.7977350611662778,-0.283157982737488,2.807038079339701
0.143736933176376,1.111200057793073,1.5135004809443968,-1.290090632745828
-0.2074158787653354,0.5622106276997951,0.5409684664646766,-0.9555446174985404
-1.0425868933648383,1.1428297722287133,0.7090706742822958,-2.4721146402473977
-0.7236865966994276,-1.2684939416226586,1.6496368298368576,-4.50555995378257
-0.5138571815691966,-0.32945264421194925,-0.5636029093195917,-0.352768799815681
-0.852571265209558,1.0413164357959692,-0.8817378358965239,0.06662599622095387
-1.57410396842041,-0.5526346916963246,-0.5315429242423579,-2.669373516106391
-0.5125301982922539,-1.7501883370050364,-1.1485057799790748,-0.1497585031733937
0.8442759900676797,0.7357647058870297,1.2552841595074522,0.006976403096710965
1.6420363959212065,1.5940277890321717,0.09839183167974144,3.861186777420611
0.3439390900911694,1.408617235003766,1.145070250337996,-0.3151277031644593
0.22160877741016863,0.621461749814699,-0.3577189250992958,1.1895095178110047
0.49741324740649484,0.7071026100096178,-1.9255768809795848,4.295874709726875
0.7838121791149876,0.04363140394149515,0.6087260286514515,0.6232409040261369
-0.7643786913414548,-1.9241791937483863,0.3035844977549391,-2.9897022387007315
-0.19759989913336948,-1.1982586239701003,-0.042694758596083515,-0.9502781500881043
-0.770897915036868,0.6901235701386408,-0.950050280833677,0.24061195202657204
-0.808202500528331,-1.153670429681713,-0.3351386397441704,-1.7707907160663172
-0.8246672494231404,-1.2972440644225238,1.6632703244363845,-4.937660678641102
-0.9816790410983631,0.9527883259346552,-0.10673800963468613,-1.337475753733477
-1.5924154260724714,0.7523082230572402,1.7103221027150959,-5.379305512395818
0.7647316467445482,-1.9775556673082941,0.4162589643405303,-0.20431646499805034
0.12203807120234722,1.0556079380537777,-0.4563139331912568,1.6346706029772273
2.0903001064223234,1.0647551297639126,-0.008708077668648976,4.671062307809269
0.4063363721489058,2.2476032319556154,0.9569982774906121,0.5912096129312437
0.7960214681004651,-1.4227162027693774,-0.2667010873697627,1.1768930648171865
1.043843417931168,-1.5905789928194347,-1.0306781176566178,2.8337241876353736
0.2322022173015585,1.4065756400957683,0.7562224415926272,0.01056372915145437
-1.023220915175027,-1.1142945958277013,0.04916167547592626,-2.6225454823198873
-0.058815863438945064,0.572146579084151,1.1951595099485521,-1.6335865257874818
0.12916196435766328,-0.15694860711534667,0.015402182722856171,-0.04894266430016636
-0.7917186660446859,-1.0500777024533428,-0.11046806862494643,-2.0143948660137516
-0.14001136750764992,-1.0196074157572832,-0.724958939370437,0.18394709293149364
0.4745207044626279,0.0010669411193632355,0.7730116069323163,-0.2247342708696297
-1.0805734233214146,0.6752114892753266,0.8210782003334434,-3.1298760301696453
1.8646294745135452,-0.2421733391332621,-1.4557188921585469,5.794003887889262
1.2394399340210993,1.7657789505536807,1.0852375824360183,1.8821263915276136
-0.7738763417218324,0.8045102623435214,-0.4802649520786928,-0.3407631951968098
-1.9487769191343602,1.8319676774466114,0.7901622520282253,-4.172188228931071
1.4084976094323904,-0.21189387058991438,-1.7466937343501592,5.172860041343218
-0.9502941018978147,-0.8041504377947896,1.9685929556859008,-5.179301513717066
-0.9128602338864876,-3.3441716529671446,0.6397347587116997,-4.253846751749266
-0.5712224526632388,-0.010625705419447204,-0.7319130133094855,0.0023168604341653395
-0.2380566765421866,-0.03474785036870689,-1.5335729497074224,1.6906542096531023
-0.5226328381714223,-0.5627377033899992,-2.13273486126108,1.7445809929556497
0.46050250096457507,-0.35773332904895877,0.07009114968715037,0.6936864697476387
1.3484254204027484,1.0953442366482578,1.8155625902376504,0.5983223167104491
-3.640706992985218,-0.10715745739283739,0.932134195101158,-8.520327334643891
-0.3455984593954896,-0.10504664590799709,1.3328280536756987,-2.754610321659247
0.4016970910078302,-0.6411784782166603,-0.3402300678632218,1.0248778486191625
0.7837636342144629,-0.31488869107190715,0.5035909661779391,0.7158279616944567
0.978478324464964,-0.4310283095156412,0.4348187196016653,1.0063045594007947
-0.7635215331494953,0.6917145397684599,-0.6496442069171658,-0.19702704075880456
0.47943609757224187,-0.05017847076464711,-0.11055265350564496,1.0909253857601462
0.10587043007384098,-0.4667702568782275,0.36867359564386226,-0.45234884433541833
0.29504148330812174,0.006449007132802053,0.4728104344986916,0.03565355231598458
0.23190432557641227,0.9685499509729122,0.06070511060329942,0.8625164507822324
-1.7067747308631238,0.8455428403526611,-1.2285347902158585,-1.2309769013090608
-0.7485035620597967,0.027643826438043282,0.36093936936766857,-1.9084510336806848
0.6559043975343876,-0.4644242513250796,1.6541383973574295,-1.41289433368769
-0.3922058094611393,-1.0300467402075504,-2.4451838036888742,2.54583903944924
-0.4867733711900232,0.1388454258600777,-0.3966356818797783,-0.2810931821466381
1.9348966331605195,0.3007178942119202,-0.09437115548147858,4.246261409101094
-0.26377013907069274,0.21010521364182388,-0.22056230946847788,-0.14561089537727934
-1.9113209325422462,-0.5622803215220972,-1.292686099911983,-2.198095183329502
0.3001831520298729,0.0909809808769113,2.0445082989008023,-2.475927161269575
-0.9539813500645121,-0.5615064379348962,0.5185139770415098,-2.941784363049246
0.4636167932812753,0.7299497780685016,-0.6654923108959943,2.1210016829132208
-1.7439579633037894,-0.2264818547027479,-0.11299477902845081,-3.32244062044516
0.3838288869323468,1.8587726577494788,1.6779942038552544,-0.8451412164695729
0.6386899976909682,-1.1055763489321582,-1.485179976437823,2.9809979167077794
1.2599710072413204,-1.6211491101864135,0.5927211263734967,0.6575785255484592
-0.9643843561027433,-0.8709106001065942,-0.620357880350602,-1.3718126886708553
-0.16620146382590612,-1.4157821193414633,-0.3292329420086342,-0.40938813910601457
-2.3537802255737432,-0.1435025006159456,-1.333396134309013,-2.759458286672141
-0.6980371063699323,0.3034600554071713,0.8514177527281414,-2.4566453512878867
2.068130911978094,-0.20039291114729332,-3.015328175925545,8.637650858937226
0.4983901547397969,0.04882693316157871,0.3405146931742783,0.5712464827658371
0.5290379973364499,-0.6530478859047776,0.31941452404285964,0.16515337221983065
0.5574151346552567,-0.30266696140672067,1.7403796340664761,-1.780822515055137
1.001910070400117,-0.3760576574893351,-0.41944204065852875,2.6722870833839543
-0.5784796220388079,0.2618222046930776,-1.3944966666999312,1.0645676766017762
1.376655608404776,0.7143836415114333,0.7345533670048094,1.9590413455982476
-0.8530400047416223,0.668886972491392,2.217118697741536,-4.845803152058758
-0.510847938392921,1.5116781079610353,0.9556142286914617,-1.8154825563345778
-0.09879643862924498,-0.34783546043970043,2.554816460974495,-4.126371694643686
1.4074086054568529,-0.2069833039095411,-1.398837491019776,4.783588587718766
-0.16731103434022468,1.2054510694465346,-1.9669219509720026,3.239482994409678
-0.341376907814442,0.527944416497799,0.2425281524982805,-0.7462862444608153
-1.0183563222851162,-0.9374966075763381,0.9499657470083817,-4.018578667242379
-0.26904393659956005,0.22877613466568433,0.21254004801296797,-0.5762537306860903
-0.9501264973176046,-0.9675905057544016,0.710366718584021,-3.4880941082079557
-0.11995609356090696,0.7268655940743751,-1.689338975730351,2.49212275909294
0.49479377720651463,0.40387368043187,-0.5916571578178843,2.21068055787736
0.7754295873681883,0.5102070707935076,0.0433342858138701,1.8079440994827576
0.15229630839365196,0.9102932666268038,-0.7271131697895242,1.875266258435337
0.6094791652115482,-0.8162082812797375,0.6442158744461219,-0.09896798776088489
-0.6692854379489958,0.47685110599320407,0.5741201528443192,-2.0756213734380133
0.2512692235886995,0.6305613967493243,-0.40087503017262016,1.4683800267714548
-1.4487211449641066,1.032511711598965,0.0757486734523909,-2.639735811346236
1.1627921579667322,-0.10637550695067885,-0.5927948507754125,3.2524575746505544
0.019543685400983255,0.7156491398973617,-0.27665092568232286,0.7990349674817224
-0.347832318096191,0.35139600703191914,0.9534507210624549,-1.8677469045135395
-1.2335858695599262,-1.5066842255700934,-0.3460625175591176,-2.8792098444276175
-1.8623429756989922,-0.5446893464231681,0.8411156253062347,-5.226205045867551
0.2729764234082705,0.3136083239018316,0.8271991515335565,-0.6254344738843803
-0.31870059743510215,-0.8309684724479833,0.7292458301889095,-2.2330242412084123
0.3083588350714038,0.30125598426596933,-0.07522446745336946,0.8386771479790872
-0.79547297648738,0.10135604179464221,-0.20056392262858055,-1.4372095012185688
0.9581787496951759,0.6719559747696536,0.7683684842704054,1.093408218445037
-0.19941935099090555,-0.7814486325498539,-0.9315611907724247,0.6050527806390704
-0.7001622378579941,-0.9666696570059108,0.2899316859229718,-2.3420935715514988
-0.664457136716374,0.5165232733437544,1.9469413556726562,-3.9463685418648278
0.011651074187554367,1.3554258443377667,-2.3462034051633167,4.318728967411571
0.8115794912978033,0.013085525477738643,0.6012889491870556,0.608173716229577
-0.6482893361042376,0.21768265111539672,-1.2372767987992408,0.5620571681522428
-1.241709757323067,-1.4483146529156867,0.48850040556258834,-4.077522105042441
-0.6856050179484385,0.9798560051850309,-0.9752868428332708,0.6758005051554966
1.1711626423375623,0.9927681943128337,0.411080236565639,2.0883817086539294
0.11167604998009277,-1.2176787108064033,-1.727642025793705,2.116126441380919
0.24338666858091218,-1.251425992753498,-0.8210569892719348,1.0624381124077116
-0.1746434747315285,0.16463235617158156,-0.6982512689665704,0.8032485219419867
-1.4121938942140837,-0.5276715834430793,1.8185499787035413,-5.645451179619842
1.317909708807683,0.34438259023879186,1.39056673763963,0.7258104863697896
-1.094132024947545,-1.19945008242734,-1.5936125689340745,-0.40379014787752204
-0.26580448100249476,-1.0699433086677432,3.1881078818600326,-5.859652596552609
-0.30469913837163726,0.49691710792871,0.03725498949573098,-0.4047804024248885
-1.0249990001098248,0.056634629353658365,-2.1187229625432282,1.1494853285742397
-0.04976629384828755,-0.2715219830803191,-0.34446188820279894,0.38853902959794623
1.2618239320262317,-0.06154749860983237,1.0266637454519858,0.9714428144688939
-0.2321188600244358,-0.06580920204866036,1.6906609886248252,-3.1507825194995362
-2.016184394489992,0.7303525389945815,1.9492315897613146,-6.509001303872849
0.1606412984244861,0.4856970100874385,0.2623809011125659,0.1341497212825656
-1.898873064901791,0.27624841373893355,-0.08374278227418368,-3.561217785268861
-1.0274366394060863,-0.8174364812075162,-0.3186824713399711,-1.8693911403960404
-0.15046075895540842,0.8546852603102063,0.9169475189694463,-1.1932332392505864
-0.19102813423213028,1.0318019357300026,-1.4292606038679443,2.2003213093295346
1.9849924619861514,-0.3581972660073853,0.46718320355573995,3.0116534395316705
1.7573770616625324,0.4897706374521735,-0.7779639156285125,4.706656964579424
0.6002341694052467,-1.6569252113751254,-0.29763035468380716,0.9195738120192414
0.7838630466933199,1.3377113002949588,1.8429196660215477,-0.5252770823680712
-0.6050163572607891,-1.5831345764611489,0.6095170320961406,-2.859681463054949
1.2004341655699158,0.12661205389846766,0.049931586278667645,2.5588136929832483
-0.26900169267765217,0.26382470813041364,-1.834361921287373,2.4325179501284664
1.453269993717096,-1.3483969437937293,-0.3724695135117581,2.553154126391824
-0.3012548124560378,1.9653589416062531,-1.0741502713898934,2.084987379278054
1.699464543960748,0.7450525430671029,1.9025509081630703,0.9514893238623292
0.015606591759153078,0.2204716291004593,-0.9564090345160069,1.4853071612317328
-0.13542067719986667,-0.9052150695683662,0.542738634219099,-1.5388699115999769
0.9268427727927202,-0.41344854364389194,-0.2418190463380458,2.2429418744593552
-2.242767464384559,0.658988962302126,1.157061325035999,-5.969365682676727
0.8007481356163133,1.9475223210966877,-0.9924553079773045,4.066705845980754
1.110750473202766,-1.0707056127242884,-1.5429715079860638,4.063607740228448
-0.23324650632406949,1.3061298512475596,-0.22679466090861988,0.7276573492349565
-1.1084189785702188,0.2962617218229565,0.24313256255624804,-2.211815404306274
0.2522773235339018,0.6984550954158909,0.7417555566253891,-0.25084794144437583
0.7936745964013756,1.1142053581189326,-1.5068015165640558,4.516646216516385
0.9665005784534727,-0.24213783037276218,-0.7404074210216393,2.9126182262525413
-0.623771703139238,0.08793800531019737,-1.421530239533756,1.0967811714615776
-0.29427882591490406,-0.6540810531546536,-1.1817187800603806,1.0066247779626478
0.2941210585897031,0.07353318462965633,-0.9848712956558884,1.950202999757007
-0.8888676579662832,-0.9758809160469835,0.1831269774515444,-2.630011419677233
1.1122038446857088,-0.20076199205718462,-0.8632430840569527,3.2831818406675684
-0.240262658993668,-0.15860370297686138,0.35459140807137846,-1.0630895330501369
-0.38226330416559934,-1.695722380866871,1.6129060054918474,-4.096791810087274
-0.8457978571757248,0.8704282297394768,-0.8515947419916445,-0.06513281409554922
-0.05374473379299619,0.27967367275098737,-0.32181521490576287,0.45685513191303373
0.7311210603655315,-0.6500887789086425,-0.9575363615278601,2.5621109518013343
-0.6664302077632839,-1.3869606622042454,-1.7286290341546933,0.5179379212279992
0.4406846619183734,-0.9712675102230213,-0.45368712006162243,0.9176291478653137
0.9875240705901734,-1.5101790789258462,0.11632913139642,1.0964910066061424
1.473956536396413,-2.9199178217258916,1.1472088656256536,-0.012319945665193843
1.539118341096095,-0.08202040469098679,0.14799041581363523,2.7477601590761416
-1.4243994643527622,0.08420480409996307,-0.07288029721315693,-2.852203978768307
-1.054091720503999,-0.3248574128470449,-1.8000789386867533,0.38956428328560444
-0.41379214189016766,0.7546710798704265,-0.29072683631059537,-0.0021801093459186682
0.16460717770546213,0.5950269522772587,-0.5190274005080893,1.3794583770765534
2.0036959946661694,-0.38474404303349863,-1.297927232184026,5.843711603686386
-0.9648407565573095,0.31209513574954173,-0.051826780385460514,-1.7929976215814623
0.760030570652287,1.2906216880250758,0.21999076529647926,1.880475236913786
2.145186533354615,2.052137012749655,1.4911827904062414,3.1817506483240896
-1.5282893740543206,0.40555908059589946,0.2723865999950303,-3.1938572579005573
-1.2991424577618294,-0.06450095896088363,0.3876775240476229,-3.167642506469365
-0.9119579282568213,-0.024994704553389598,0.48599337494034456,-2.543619762483446
-0.050610290022841634,-1.0910088200979977,-1.1930295685735615,1.0692007197722981
1.2273970792036375,0.7284374570509546,1.333215881240253,0.920716395963588
-0.4433311557871207,-1.192597365580524,0.8237010376314343,-2.8484829558933757
0.28741091616058606,1.402130068413066,-0.6802260790558208,2.2457242760381306
1.1453994568643524,-1.359079369993984,0.19329628933233042,1.1970299513945115
-0.8286159310325254,-0.3890547569571103,1.1191002282219866,-3.656897211657512
1.4426019932346055,0.4411899762959563,-0.8772534693418061,4.420181338124747
1.5431507990865112,0.7390907908414655,-0.5261959317983489,4.265347002787797
-2.538675641161563,1.6214454294485114,1.40368211809006,-6.3798620630148
-1.0765971955574063,1.3905079710001462,0.37596809051798047,-2.2135897989127713
-0.3911055959402326,1.4198624284503973,-0.842598423282556,1.154584231668064
-1.8268767804880177,-0.7412933877739283,-0.12969335329454895,-4.033759821066099
0.07036332008845628,0.9793140680256728,0.8727076824355995,-0.8224683269023754
-0.6588190085274911,-0.7564217719490609,-0.1743605122969139,-1.5074419850177176
2.901753803214785,-0.5661668631050499,0.12054679416705927,5.281947597108737
-1.7751639230986023,-0.16666535603700341,-0.7206278738864178,-2.446903343247701
-0.7120738877107133,-0.9367465872326871,-1.5876238139233831,0.4812587828442609
-0.17489077400659117,-0.3325044455218584,0.2854111654301084,-0.8226403233427589
-0.37876742371908484,0.3381387932129617,1.7854694095052392,-3.173139175281743
-2.9635412493566076,-0.9140965545841023,-0.0951213147020422,-6.188634903359599
1.1293506323173046,0.1786877218095819,-0.8066956152763207,3.5131005255986216
0.8113431521341489,-1.9185325282981962,-0.3391857357306521,1.34721973135462
-1.3922048839867331,1.2507972098096543,-1.1388352425536312,-0.48515859130372674
-0.16762000082519893,-0.8359694828808175,-1.1690122844606885,0.8302279420164033
-3.5628692753947018,0.30284950393700555,-1.5421390832556965,-4.558386676641699
0.08241665335421498,0.7145946902812643,1.2010137952029507,-1.2256516458681153
0.5008181415686271,0.32994730264489236,1.5789569573022144,-1.2349116504938964
1.0676708904211394,-0.437703228035275,1.2860142483220152,0.019501843050143595
0.35864367081535187,2.3127276213452057,1.9537866981558754,-1.0854338879200685
-1.5546223169880953,-0.9620330724463138,1.5273547299762555,-5.943643687696163
-0.17096523418103068,-1.535908019186533,1.343726999343481,-3.1263614429611613
1.1109831365359675,0.1657730710062254,0.891089603941323,0.9393165329563229
1.2087751683344385,0.2848060136053555,0.5873527931471453,1.7591662673018953
-0.5574289135744815,0.6060076644418099,-0.04851447900780376,-0.707024140730387
-0.10992838341215413,1.5469525654768441,0.29418426362490374,0.16809043238047477
1.3644477521965415,-1.2468017445500437,-2.1311667480097154,5.3327488183156975
1.3072004124582832,0.29563153565151706,0.7223397492095894,1.5626167620863385
1.1077915171352377,0.6680144968534545,-0.10557571613645486,2.648010659594775
-1.0402145172809132,1.9201806111957935,-1.005057878022393,0.5023531579205512
0.4803350008694617,2.4618724087185653,1.047549435357119,0.6118881224833974
-0.28384089466612306,-0.6143723212489515,-0.19604468706698702,-0.5469258110636376
-0.45284324141207044,-0.5176658035638614,-0.11887818136878683,-0.7633099103841496
