0,1,label
-6.737983255378199,-7.009562080127985,2
-6.508579505146616,-6.730463303072701,2
5.477369205010685,2.0871777710593493,1
-2.9685585225929945,8.16444175873353,0
-2.768788974416355,7.511143175080216,0
-6.851120628702728,-6.745813453844318,2
5.210175612737046,2.8890483018664668,1
6.014370348281823,2.492902397787721,1
4.975750037325094,4.019380328901498,1
6.449642285990636,0.7477661774598778,1
-2.171594960977548,8.602409162075855,0
-5.929031848274766,-6.910440000183257,2
-2.31013792747928,8.414069251039527,0
6.017353745231571,-0.3825812214940334,1
5.559039693821956,0.3930463391802479,1
6.459525386196876,2.185745054400589,1
-3.2924509153889874,8.692224611992646,0
-1.9621002418827123,8.812093475764428,0
-1.534077889634999,8.867228746696183,0
-2.1822702492885875,8.795185599389457,0
4.587851505147929,2.324491782745513,1
-6.677762145982966,-6.892207396471405,2
-7.0336443332441405,-6.490279327141277,2
-7.940554640655567,-7.184020586823163,2
3.7051680465909547,1.13995400520035,1
-2.4534727107640557,10.10847764666927,0
-3.208923131045336,9.228266038932544,0
-3.186119623358709,9.62596241703919,0
4.9097200629583195,4.061173113457631,1
5.04045423503199,3.3076158773758877,1
-6.661158106278095,-6.2847864558827755,2
-7.590532524522192,-6.129442767298203,2
4.602338398110385,3.1998191327411627,1
-1.9872560574358524,9.311270801431508,0
-3.6601912004750528,9.389984146543993,0
-6.732848225067955,-7.558400495587649,2
-7.169888916053631,-6.585820391065642,2
3.807079546188304,4.794905288101617,1
-6.624025891388779,-6.193280320694468,2
-6.857825967965043,-6.03258407306057,2
-0.6271731265777165,10.359706174353299,0
3.662751830806429,1.2473409328592497,1
-2.9968038471252436,8.5817279403787,0
-7.04701485720454,-7.081933824896945,2
-0.660241528107405,10.140851157746079,0
-5.557455517642753,-7.631594757473524,2
-3.159840192174577,8.527160744433626,0
-2.4098653176235243,9.76567325157011,0
-7.817213425974142,-6.822596553702238,2
4.534630269040131,-0.5182717163332553,1
-7.214163560481229,-6.360157249577909,2
-1.6095977476194996,9.321585649074931,0
5.252257969799809,-0.5807057224160284,1
-7.266066025063075,-6.676583449713679,2
-1.7975827449638604,7.889644036360452,0
-7.947464298140618,-5.311235326445949,2
-3.571501336778855,9.487878558833502,0
-1.651537999850731,8.854347598234895,0
-3.4741210836328547,9.70033758819676,0
7.148737416484656,2.6016981979897995,1
3.737827370301281,2.4528425851545377,1
-3.170984087821138,9.866719462994546,0
-6.8932794609062364,-7.346743572812545,2
-6.55167680288639,-6.782741495916559,2
-3.2220434057299148,9.120716355890218,0
-0.36525353372742453,9.648205150516333,0
-7.32337328005232,-7.098838743437652,2
3.9150991427790403,4.334149828875781,1
3.9706036864059318,-0.8611414124775645,1
-3.038957826819789,9.527553561311677,0
-6.586280290413633,-7.117561421587209,2
-2.9592630945319938,9.63713606054582,0
3.720695800501522,1.3916173440367556,1
4.532476947107005,1.9173363291759695,1
6.116362433942977,1.6521864176024685,1
-7.120998952242286,-7.3567738974053025,2
5.662716070667568,4.743230672544782,1
-2.431829315405132,8.153001926870058,0
-1.9793934451374673,10.455854748856222,0
-3.494923669388294,9.518332643716166,0
2.774083983141174,0.933811887246871,1
-2.422150554814579,8.715278777732454,0
-3.5768180524353443,8.871906643177027,0
-2.773854456290706,11.73445529478794,0
6.250326461017759,0.43339673482414165,1
-6.691076994200177,-6.894741000118436,2
3.803641158716351,-0.08153478542788495,1
-6.260485655434453,-6.869473804907916,2
-2.7617657744459105,7.766502946233472,0
-2.2516472323299856,8.939840212432154,0
-3.490706274100701,9.476389602461593,0
-1.0679243339866347,7.578423977018883,0
5.4163673669317856,0.8845539642105336,1
3.1336676860999995,0.8214733362845394,1
-6.479656240180245,-7.688264897494241,2
3.8634618876738442,2.3088516113990796,1
-7.025532825609043,-7.661704997624275,2
-1.9223405292524798,11.2047417540083,0
2.5286112941513696,0.8064446525544191,1
3.460894645466177,-0.023679746395935064,1
4.920028982943719,0.8400952854107482,1
-7.284428951112093,-6.668079071043902,2
-6.943895946870735,-7.821034116024766,2
-5.128942727142494,9.836188632573545,0
-6.271047930738522,-6.119451567314721,2
2.2640246009995164,3.113791668157178,1
6.770635208212884,1.1170502433165175,1
-1.6956804056830803,7.7834218117643665,0
5.38092411565221,2.3641803326765927,1
-2.9698363940125376,10.071408354417237,0
-6.122902319530205,-6.564703750998558,2
6.0184935607097545,1.537757867657755,1
3.0182838448282556,2.8970730943571277,1
5.722386932292954,0.2795920271148882,1
-0.06344564343592385,9.143507310173549,0
5.0055799068849,1.1270517378356395,1
-6.963188048044476,-6.738819618031797,2
-7.3314781215163345,-6.717929952415145,2
5.778271720908249,2.3949568198947957,1
-2.851885217133099,8.64284526220253,0
-2.2282057553177177,8.391586608377727,0
3.508931952928087,1.5521570686405708,1
-7.217216328638461,-6.952368928633706,2
4.580546105443119,2.995420729999669,1
-6.8928878207758,-7.321046918889806,2
-6.819837006944193,-7.366644063716724,2
3.9057196724507683,3.53941099954434,1
-7.034231729676202,-7.256187796071238,2
4.713168941716658,2.0340572207465555,1
2.9557958038846532,2.546784303216808,1
-3.8136671235576034,9.68395867702836,0
4.3197145298327895,4.2092588892156595,1
4.906430337627982,-0.02984685412442012,1
-6.543340340549904,-5.930168625828339,2
-1.6860270390908356,9.087604095386725,0
-5.937334038183965,-6.108487829139852,2
-1.7707310430573397,9.185654409388292,0
4.976556564068059,3.543817137858964,1
3.988134495079628,1.509411498737773,1
4.565683271749452,2.9853989221906376,1
-3.0985623799969617,9.863888225219346,0
-3.0230645403894436,7.95507260630937,0
-6.601824958149546,-6.835319252648322,2
-7.275837151651251,-7.034090358095467,2
-7.494401988377478,-6.6317599816576855,2
-1.679792041869261,6.803150819190437,0
3.683798145268325,3.75669448060206,1
-2.5439093927579934,7.845608090578789,0
-3.227641844305186,8.800838976486475,0
-2.637115214533517,8.058745687597895,0
-2.4174368465172478,7.026717213597429,0
-6.795396703016463,-6.221310825471967,2
5.45527906811975,1.417248185811573,1
-7.143935532026148,-6.5869275838984,2
-4.222332152143627,10.368158502363734,0
4.956405037032029,1.8281000161351435,1
-2.9945611708818536,9.096160267584644,0
5.379855687549435,2.250423869483043,1
-2.273583064944184,9.785151322085289,0
-6.809184067695668,-7.7643292760573726,2
5.121914659403511,2.606050815293659,1
-3.7094940301085266,8.679784892357373,0
-4.136740060935913,9.062371074859703,0
1.8855707765731564,2.7351566743095477,1
-0.8767863191211149,7.584144750237689,0
-3.7005011202553986,9.670839736832152,0
7.4098343302996,0.36804253445150303,1
7.1029015764326555,3.487895317954683,1
-6.479422428537429,-6.50296392836916,2
-6.279420237179058,-7.208556732761645,2
4.505275294797261,4.133345507114941,1
-1.636876986332072,9.197628133936673,0
-4.024388685251303,10.381160395642846,0
5.525861082266565,3.6362250548150934,1
-2.2951038789225464,7.768547349486333,0
-6.562266456870385,-6.325259672297835,2
6.716288063993879,2.8190333640192713,1
-6.896242186473501,-6.984168021912216,2
4.927952510963149,1.5094949876369799,1
-6.977081331327611,-6.313224544842415,2
-2.0957627198290494,10.891081940756388,0
2.623203069676686,0.5951917642144346,1
-3.4997339481834384,8.44798839859555,0
5.618363153848231,-0.39141855153564187,1
-2.5450236621627016,10.578929784012328,0
-6.634139715332145,-6.512670700251038,2
-1.7522090064073983,8.092120804020697,0
-8.091747321287741,-6.438086895095422,2
-2.9811294888421838,10.103236725165688,0
-6.540664255481635,-7.124065297348798,2
4.634475027592249,0.23562265015191786,1
-1.8190536313416377,8.613065656312486,0
5.013954361794235,4.339349603585943,1
2.304935075942246,2.8821846109591913,1
-2.5171702643693674,10.494230267088348,0
-6.316602065765186,-6.90580645507019,2
7.231193591379169,2.6276551884517803,1
6.302153061334376,0.4133107932524358,1
4.796180492155916,1.8792799920914485,1
-7.147291284128231,-6.925376234428027,2
-2.9841429342137062,8.360956895624609,0
7.772440893399192,1.7637852417079714,1
-2.953490883128862,9.391586621243174,0
-3.3559913411211553,7.499438903512457,0
6.961136638223194,4.666986193584014,1
-3.1718213819985968,9.584884796791481,0
5.448012824897655,0.5921592943216827,1
-3.0396987706632776,8.438467887553642,0
-2.238740797272911,8.964048018749185,0
2.2503882359305973,2.6338817908813303,1
6.891018522179568,3.2485022971109716,1
-6.60648506714942,-6.876898458370477,2
-7.4020317881617865,-7.863287887963947,2
3.156992175501725,0.3177857081170756,1
5.627695245237347,4.988476492090257,1
-2.065378194906522,9.788920181627658,0
-6.887282115737768,-6.590463843475402,2
-2.521444395899665,8.11703175671249,0
-7.496801627091231,-7.176341722852394,2
5.6872138066484865,2.5633977620733566,1
-6.907074191459413,-6.737332555847118,2
-7.192985803446253,-6.448912857084567,2
7.03163643106556,0.7027276614632403,1
-2.152182137087703,8.321376532937668,0
-6.963699100443665,-7.11615488212451,2
-2.52771075904514,8.725627489278184,0
-2.7790725583461215,8.035522412416015,0
4.116900634616313,1.4492831274630888,1
-7.477568722168862,-6.6578082591658765,2
-3.282022837590322,8.777467521458313,0
-2.2130773459881743,9.275341400378212,0
-7.5655777626169485,-7.686890292214317,2
-3.5464437773792064,8.823947450114714,0
-7.469147086731171,-6.286269899045164,2
4.380271099802297,1.9965382553129334,1
3.434366984273505,4.431844892106833,1
-6.92096753407262,-6.940983347467588,2
5.464956984764929,0.5206530016452791,1
-6.115392977945004,-6.626191715131135,2
5.529530723180677,1.5088500249697465,1
-6.281341440319024,-6.959374379789431,2
-7.9555348918159225,-7.239686252897156,2
-6.490446653067951,-7.155702451440213,2
4.933646718874623,0.505610517518184,1
-7.103288138980646,-6.2396014124083905,2
0.5696831854024875,10.133861039632897,0
2.71942223822176,3.2818556763609488,1
-2.412201658060032,9.609443153635235,0
5.192888799537453,1.383161465449691,1
-2.5752774217000667,7.803269928435865,0
3.625290383139197,4.674580333306956,1
4.571499811694855,2.3381788579247695,1
-6.713637025866763,-6.784859753386414,2
4.8320354585942855,0.9515921977284107,1
-1.6735055109876082,7.884579273540703,0
6.134279065398811,1.2325348091987633,1
-2.530099217016898,9.131613511507103,0
4.071187224746871,1.6677991437871893,1
4.696884053480402,2.153216674018124,1
4.279390738990899,1.4109384726163356,1
3.5491730724907984,1.6018917306134748,1
-4.178602904174122,9.557646320578257,0
-7.112645442085391,-7.6774611269093445,2
4.9346605907803065,3.0366753203235004,1
-7.124051902044407,-7.439918309920452,2
-6.363354088980442,-6.316757024862155,2
5.73883895205147,1.8520948137778586,1
-2.170701215558336,8.59899821429752,0
-1.3299004389889237,9.081804609608431,0
-6.835423748005346,-6.141344552748316,2
6.025919365038453,1.6958164792762485,1
-0.19453905637924152,7.147020935606573,0
4.587396100482659,4.629370637393997,1
5.944980432261232,2.716692515899639,1
-3.9877196134201776,8.294441919803614,0
-6.048997583877335,-7.108657721569083,2
-1.6395917029470901,10.369923987003272,0
-6.404473395164482,-6.024802906984984,2
-6.381603348248362,-7.258507137560677,2
3.855794305449542,3.546683522696066,1
-6.710385269420424,-7.027810298345461,2
3.6377431557635282,3.461233208245516,1
-6.816437401378064,-5.910645093746805,2
5.5725937795538965,-0.38216739589495274,1
2.5555201360827073,-0.4949284364946056,1
-0.4484496981707631,10.769626970641525,0
-2.151410262704467,9.575070654566556,0
8.245002214085513,1.886741488390354,1
-3.746148333930832,7.693829515114045,0
-7.201402107310001,-6.365129184485366,2
-6.8419103717004734,-7.681092499224531,2
-4.576639723092627,8.925166088685533,0
4.543671316338613,2.4663132993959525,1
4.941527406300553,3.54915127795215,1
-8.156587758602248,-6.412949637656309,2
-3.5220287433871738,9.328533460793595,0
2.82533672196644,2.8730627789350387,1
-6.518436512237384,-7.06652616932183,2
-6.789116411799417,-7.52852556725387,2
-2.409546257965109,8.510810474082122,0
-5.851523626181109,-7.431713776136788,2
-6.992866637102034,-6.696426839867858,2
6.481382324938039,0.15870815590392384,1
-6.72003993594168,-6.2098843702643745,2
-3.6155325970587784,7.818079504117651,0
4.253814030093084,-0.5297064268756522,1
-6.703903087380478,-6.345034474117733,2
4.579641910261587,-0.17299296923634033,1
-6.892830069630733,-6.740029013866144,2
-6.6190659769616005,-6.557501800300918,2
-6.449390446971398,-7.171648312560416,2
-6.133282906671509,-7.015671393797231,2
-7.357188480825947,-6.668310060479216,2
6.523513024588382,0.6312587306114761,1
-6.0161452655345675,-7.079927686083248,2
-6.9297042293912465,-6.98194646836443,2
6.432448779615365,-0.31161067323492997,1
-2.623737468305368,10.252102440171782,0
-7.112282419541296,-6.933083770428015,2
-6.8384073146840185,-7.608885343008412,2
3.001409689219233,1.498557009398529,1
-7.642455348436317,-6.248817541562356,2
-6.367595928245539,-6.583846118675355,2
4.6829960706303275,3.89084747785168,1
-6.570050060648671,-5.8513618584200975,2
4.603346947836627,5.1865752218585275,1
-1.3663748085377296,9.766219160885095,0
4.057613608416258,2.2287940175039633,1
-2.45098890460675,7.871315830367698,0
-0.37616424839648355,7.062198328675819,0
4.19745431879006,3.8447827929513325,1
8.118873146200642,2.5631464430322897,1
-6.791406413512657,-7.063623512817608,2
-6.224472818091466,-6.182267687880969,2
-7.155556264097493,-5.601009950441821,2
-3.2395642547698866,9.230744717780297,0
-6.326086856507784,-6.940300175252745,2
5.129078369591278,0.09649931936277767,1
-7.382898473791091,-6.310170312711424,2
3.9614193573544862,-1.6626493060027032,1
-7.002658435216245,-7.301732890934042,2
5.590544157626249,2.5938683301179792,1
3.582361052590488,1.8895160674541729,1
2.4678579856037355,-1.325039250989391,1
-3.417221698573961,7.60198242686303,0
-3.0828596299329867,8.467427186957929,0
-6.379336032129781,-7.215419697814269,2
-6.071939346416549,-7.041269827881616,2
-2.978672008987702,9.556846171784287,0
-1.2315327272643253,8.422714739362492,0
-2.3360166972015683,9.399603507927159,0
-3.3381926339748222,8.454105088001352,0
-3.5800901211138623,9.496758543441507,0
3.352342165956281,3.023634503054219,1
-1.5458214938084285,9.42706705513482,0
-4.043311793788373,10.291962950096831,0
2.697856622646743,3.714409865008511,1
-2.7549406871386943,8.741562558450651,0
-3.2655483683370536,7.592032418600647,0
-7.075506265673181,-7.341314685525198,2
2.974015068029358,4.601575349076166,1
6.854689360816945,4.0433067151619095,1
3.7042253951843938,4.844216714740911,1
5.023923437698915,3.447206159859003,1
-6.973199323653544,-6.387244595436015,2
3.9716250541269438,4.1532463996172835,1
-6.496587051958925,-6.266642981333793,2
-7.238038351452673,-7.813377901812476,2
-6.341623621851971,-6.869453768939976,2
3.3868582563384653,5.190893375600814,1
6.239890870611832,3.727113069609241,1
-4.9808421231800395,8.217390872727846,0
-1.8764157569464652,11.284978986002717,0
4.278024749443606,2.5012527787121774,1
-3.4838792932800717,9.801370731940773,0
3.722602131740179,-0.1368219613316013,1
-2.4121200737047097,9.98293111873121,0
-6.144042027404466,-6.98477143185188,2
3.702650969684583,2.0123062592569827,1
-3.436128094630833,8.954760772136522,0
-7.062103555922713,-7.2997144269454495,2
6.713117322784392,2.946234515325196,1
-6.589810604544482,-6.717211434984863,2
6.965629575449217,0.47563862283254554,1
3.018294025615708,3.552898963940087,1
-6.969867147946583,-5.283555809353516,2
-1.5587737848667,8.43738247253592,0
-6.013369691408724,-5.7644595201796305,2
4.755111672818485,0.04868134765787757,1
-7.391720603315872,-5.953063310108853,2
3.938327034260264,2.492925506536806,1
-0.6434231119079936,9.488119049110109,0
-7.415998704021173,-6.7604861612203715,2
-4.059861054118883,9.08284910300435,0
-6.560601640430892,-6.629687355803718,2
-6.745063720528717,-7.051705731024652,2
-6.548186556817564,-6.293372664533284,2
-3.299672078498062,9.485754485334317,0
2.8066871228901835,3.042667329199314,1
-2.2494751213312685,8.109969503093913,0
-2.2493148288043265,9.796108999975631,0
-7.965961964158288,-6.456398754700736,2
-2.2587047727068734,9.360734337695297,0
5.494529756576407,2.6447325239667046,1
-3.101591547291619,8.150295358518505,0
-6.779342592535799,-6.3057909185615895,2
3.783110351553906,2.8320438559749697,1
-1.2422864738661274,8.306616662579541,0
-2.096266168777126,8.450561575394346,0
-7.378819910745416,-6.729213643366213,2
4.763304820141237,3.571390246538759,1
-0.9299848075453587,9.78172085735123,0
-7.7213462872617455,-7.283044626524041,2
-6.966100221112981,-6.024255353204775,2
-6.985192310565117,-7.373699356851539,2
4.6015477297409335,3.7322632128297792,1
-6.610479151626453,-6.343855924621046,2
-3.8294308300733926,10.845744894052675,0
-7.670222542167337,-6.432590436237889,2
5.701506739411315,1.1294695200993305,1
-1.68713746305826,10.911079110852269,0
-1.6788618065085046,8.158202302289455,0
-0.62301172184222,9.18886394103016,0
-4.212580062407905,8.958738429301702,0
-2.1674416472755906,10.890456967414208,0
-6.725601921399219,-7.075933876986842,2
0.8907702639177417,5.409583542826844,1
-7.660900119594541,-7.144635931949094,2
5.615180603166093,1.8244058882716576,1
4.157426259402028,5.088291659281993,1
-3.7700815773877956,9.932148075253098,0
-2.7268788262799704,10.11306298018551,0
-6.511205242605054,-7.020773371835054,2
-3.9245683651031644,8.593640805432962,0
-6.403058874194648,-6.7365475106750345,2
4.705596044196766,1.752666681497999,1
-6.889336994095136,-7.0316994846930845,2
3.607653318461516,5.351823391957195,1
-7.27207634769239,-6.555969376354017,2
-2.4416694183648264,7.589537941984865,0
-6.622827137866412,-7.1464600131069025,2
-6.665218940985984,-6.533556789644375,2
-6.746063865645528,-6.62574708166098,2
5.870602108024148,2.7340807306016783,1
-2.147561598005116,8.369166373593197,0
-2.3889019913408513,9.52872496225707,0
3.3913454765717583,2.680293018520338,1
-3.987783868832592,10.15804017140525,0
-6.759250601406986,-5.579268036185749,2
-7.766143425254711,-6.249148842918951,2
-7.424826729872693,-6.174643403402811,2
-6.420012723863668,-7.214181636045444,2
-0.9160109964133532,8.503070451767137,0
-3.6924561357185253,6.975053950438221,0
-7.432479525394238,-6.987570108420314,2
-2.300334028047995,7.054616004318546,0
4.823325090776527,2.788116727495314,1
-6.964719502413734,-7.1067236179395845,2
3.1760689567621023,3.553632378852491,1
-2.5040841664102893,8.779698994823175,0
8.480005643631294,1.8290798343537573,1
3.6994282495464503,4.691842520936126,1
-0.35601516554119383,8.246938565310272,0
-0.9580456475302273,9.12996076249118,0
4.590188376917406,4.665006479217413,1
7.00923705482417,1.1888796432108295,1
4.096217424123403,0.2936648420015162,1
-5.800973084518518,-7.182967054777616,2
6.738911991107105,3.360120208309885,1
-3.2683302846064484,9.16467991467453,0
-7.425110406258869,-7.085516737253239,2
-2.399802828447857,9.740052752097014,0
-2.6672055216317396,8.587405058250901,0
-7.12115771699299,-6.806713087283172,2
-7.379278307298725,-7.132497053890055,2
4.655407765993172,0.005415335415492661,1
-5.848364731529697,-7.413876050403083,2
-4.115643943310323,9.217749764065545,0
4.889557148547685,2.7118465799529554,1
-2.728869510890262,9.371398699710069,0
-6.073488062156947,-6.222652366483923,2
5.153966855794658,2.658299512671408,1
-6.524901282581751,-7.097852778560869,2
4.251315617497046,1.6786449103132646,1
5.706318788533339,2.639564651169792,1
-2.617957771509608,9.415997850297263,0
5.588490444811383,3.432001358380827,1
-7.201386306341342,-6.416189529235328,2
-1.4507731362031624,7.255546641775207,0
-3.799158522793804,7.719207356134706,0
-2.2325068237227312,9.841469377234345,0
3.23087574549997,1.7570383503583087,1
-1.9383071123595832,10.14985176837892,0
-6.531433467422913,-6.402456988990691,2
-3.3314180186191815,9.257973339690233,0
-6.482494851340356,-7.507254304860571,2
6.61596993467959,2.2695690909793313,1
4.990557703914223,-0.36067378536470907,1
-6.704312141514491,-6.635516028202115,2
-8.06109340892219,-7.3849749456309155,2
-6.623074292063229,-7.009882932067905,2
-3.9077651968718916,9.577255364888892,0
-6.971075411703691,-6.192671383701854,2
-2.2642310519440274,8.50734295282719,0
-2.8449823223428785,10.683307653487715,0
5.23871352013602,2.9439635934948436,1
-2.7481456699191598,8.106722466156723,0
2.7192348074836765,4.605360956917279,1
-4.116680857613978,9.198919986730626,0
6.183612292216567,2.6820659075602964,1
-1.6380729196210577,8.68826259603048,0
-7.152749415277511,-6.684207590574673,2
6.936005084743647,3.801312461486707,1
-2.2851051412423335,9.026878528980117,0
-6.990254002944156,-7.018516243220407,2
4.3744579949870275,0.7757238171330514,1
-6.394898590887902,-6.666512412340104,2
-2.267235351486716,7.101005883540523,0
-2.4333930648590236,8.33712441668621,0
-4.633093347362557,8.488531106517561,0
-3.317691225945938,8.512529084613785,0
-2.4907792438631984,10.690723440473604,0
-1.3079837008888053,8.60621075517677,0
7.138090502921966,3.4947247814679274,1
-6.3367340286815965,-6.831118016540499,2
-1.93212549587221,8.811240742155329,0
4.516652068639248,3.6491134313229234,1
7.243824540975975,2.270035859134704,1
4.269112762447206,0.9501933119440342,1
-3.2245013323127183,9.693883877132997,0
-1.6963355042137902,9.643914970121934,0
1.8785674892306332,0.053804233837179805,1
-2.1425993769559017,8.074406341870967,0
-7.66506526718552,-7.443493327730849,2
4.784060001639577,1.2797567508831684,1
-2.5862993324668544,9.355438103014965,0
-2.949242109749734,9.145026705484414,0
6.988164880079612,1.8745442923312503,1
6.187645645431054,-0.2551708756147262,1
-6.285170505413949,-6.525957669675415,2
-7.563066540358981,-6.992492294222289,2
-7.111935839800466,-6.779529765339527,2
-6.7996989951525695,-7.393947163738925,2
-1.8229374326782368,7.40157025700867,0
-8.144770952524436,-7.023111704216002,2
-4.379989544078606,8.662772644157013,0
-1.4261463798774732,10.068088180233225,0
-2.0082804354283694,8.03673088339977,0
-7.190951872018496,-6.782805865657325,2
-6.2691103433885935,-6.589060741541639,2
-7.451490294811601,-6.825829740387685,2
-3.4076122944011082,9.506205299704828,0
-2.8244668676930957,9.773255348691588,0
-1.593795505350676,9.343037237858006,0
-3.521301998312918,7.359429456332553,0
-3.3696109883367025,8.629730583968497,0
-6.948351448465116,-6.403672319674477,2
5.493353455006014,4.415764618633539,1
-1.7181656760097033,8.104898673403582,0
-2.4636257831489363,8.362685780592505,0
-2.778086313607581,7.907760219456652,0
-2.7545857390556208,8.260549963840832,0
-2.035959998479205,8.94145721554145,0
-4.534340209710358,9.20074044296775,0
-7.161750990479964,-6.7878339416774285,2
-6.8903108383254885,-7.253715432849859,2
2.617600703069532,3.0880658249748043,1
6.810345662758701,2.268001848708094,1
-2.311112862284895,8.869925716274379,0
-5.750464963121823,7.989898486864032,0
4.729324391108363,1.0027645173823712,1
4.757831621702238,-1.0241313428574292,1
-6.651683305110466,-5.797608420825405,2
-7.46468370418095,-7.781099812065957,2
-3.1610337308549092,9.061684799514735,0
-6.531149988895902,-7.047019338153952,2
-7.41082395522471,-6.665956044672122,2
-6.978296401304934,-6.955746235102702,2
3.5833633004139624,-0.1395222606046076,1
-1.2037188158984211,9.03528996983108,0
-6.992869240576186,-7.359829211637686,2
-7.177457838173016,-6.192890546690538,2
-6.517079297727271,-6.622020449718468,2
-2.980235928671073,9.246336065555958,0
-7.3186184845295505,-7.2935497702958765,2
-3.085968953621083,9.769677354024077,0
-7.464585609006414,-8.316240699916772,2
5.560155795323727,0.43898083614312355,1
6.13689400101758,-2.3712133833498017,1
-6.29306487235795,-6.695288497176899,2
-7.450471748218023,-6.976939322915806,2
-7.582785922987187,-6.921662379590294,2
-7.29342230147563,-6.837037651752759,2
-2.496195731174843,10.467820205355638,0
5.2227467430245476,5.712668960089918,1
3.719774840916692,1.5194651542085396,1
-0.3193946898350779,8.20598784284317,0
4.797942095447041,-0.027868558436574542,1
-1.031303578311234,8.496015909924674,0
3.8115442698066446,2.9225674105739983,1
3.1374488213857283,1.5515192446117996,1
1.5169847244025183,4.51785423637579,1
5.603962976029417,3.9668984791393793,1
-1.0435488541311961,8.788509827711787,0
-6.863625116618387,-7.256818528449038,2
-5.794155832402363,-6.968052499492115,2
2.9848289269672907,-1.2561662054879923,1
-3.384815876437507,7.631486397233985,0
-6.403064668463227,-6.6235668832273005,2
-0.9860735457830929,9.55319617188298,0
-2.4226078355798504,8.858608892806242,0
-7.153989645021751,-6.833687142705389,2
-4.028567589006764,8.530052055332071,0
-7.553190335916119,-7.365916612531272,2
-6.227457069712194,-7.711355587293784,2
6.725190159754071,2.8098851434685255,1
-6.992055182055309,-7.205110883687676,2
-3.498802443311331,8.888499208098674,0
-2.6248459054409907,8.713182432609033,0
-6.637260782504033,-7.303287920771384,2
3.5868913045179682,0.9788183076143098,1
4.094460517907318,1.8877512483591308,1
-0.9231808069073981,7.776470629371472,0
-5.160167431445762,10.105792980120784,0
-6.661347289072436,-6.428142172732849,2
-7.062287966807324,-6.787769440343492,2
7.0900261346797455,0.2536515944127,1
-6.7180875545932555,-7.006286344339091,2
6.173734484242562,5.632798293449641,1
-2.1380517496814413,8.4103009414825,0
5.532010348726031,3.2532930221111935,1
-5.872933567387959,-6.811841927734578,2
-6.5102219507075185,-6.57242585126942,2
-2.6704833347187593,9.41833698501286,0
-1.2631124305551211,6.940895895790172,0
-7.040967110572338,-7.00552610150347,2
-1.3510867495526824,9.805948822161257,0
3.6659625186290907,0.1372592837973472,1
-6.818292033153872,-6.067770364041166,2
4.95245304814943,-1.089432618695704,1
-7.185511736603913,-6.8986279918001525,2
4.380937886316872,3.2986595901707405,1
-2.9557125751197715,9.870684922521793,0
7.1657703734149045,1.284843289637322,1
-6.8456994358875685,-6.453722755714837,2
-2.571876720325922,9.96942844869956,0
-4.287917871957029,10.510330439687504,0
3.155436631372595,3.384326465923056,1
-6.9990932407361175,-7.063521799183291,2
-6.933278263153385,-6.656251130370808,2
4.827715590199962,1.3290613722528526,1
3.681436214693848,-0.01146500617051549,1
-7.013892515104186,-7.32570570598359,2
-7.233830574606501,-7.6369667895823605,2
4.1782114837986,2.3018951754366404,1
-7.387538100640469,-6.849269668351961,2
-2.1147454806744532,8.593301647378059,0
-0.7437433827716533,9.419267839159277,0
3.1527903120436407,-1.2569154864648402,1
-1.686652710949561,7.793442478227299,0
3.683268859851127,1.1766742514380055,1
-6.923808670753938,-7.06511510821701,2
-1.5830200755211088,10.923702768668452,0
-6.782435040362602,-7.05669273968129,2
4.667529735826191,2.494542241983239,1
4.610422137838079,2.8019046155664538,1
-4.234115455565783,8.45199859895735,0
-0.8220559879801854,9.895925885147772,0
-7.039154158984579,-7.278122521677691,2
-3.327418306286223,11.106673403883782,0
5.597974169271878,0.2586623148450067,1
4.414795455679311,2.1615343641480456,1
-6.730250736968427,-7.256005118323539,2
-0.8805820774814583,7.63418466998343,0
-6.945255674697423,-6.841683651796562,2
-7.097820136414555,-6.934914495238862,2
-6.869230337313566,-7.2441110638905135,2
6.894976288878827,3.289213119804239,1
-7.185845878471489,-6.699357830672896,2
-2.281737688448621,10.321428882480749,0
4.896176993420014,1.6971946794117132,1
-6.234750814109898,-6.543518917640967,2
3.801496065320719,2.5389874965375134,1
-1.5029048138383097,8.437394258675173,0
3.853098436808441,2.707231525782609,1
-3.282986822156323,7.769631424886905,0
4.159357873936621,2.609418603543607,1
5.047247092021162,0.05804682021026775,1
-1.4781981005567992,9.94556624731452,0
-3.348415146275389,8.705073752347108,0
-6.928921257293401,-6.870684781803523,2
3.830239315764059,0.8057125958372631,1
-2.503953923334567,9.061266721963063,0
4.3084325754836055,2.013498442432528,1
-2.7326604083786012,9.728286622290414,0
2.9954662058852985,-0.18690663995070977,1
6.363027386786257,-0.6364009842264173,1
-6.752757360403983,-6.64626300739323,2
-2.2194227661563373,11.089686926843761,0
-6.822991985882388,-7.59924858243463,2
-2.7173198734100255,8.521285193539489,0
-6.044674938975567,-6.682773828364456,2
2.5708999942063104,0.8767746240278533,1
2.858481207683832,2.4379007492812734,1
4.762622874049449,1.824835204154018,1
-7.202740846073172,-5.99245414697119,2
5.2843061649269805,2.284701214685399,1
-6.718043334058879,-6.953910886425281,2
2.535970928528561,4.597534798721141,1
2.8012303417245894,-0.22339263637399842,1
-7.343303758246557,-6.760925101908554,2
-6.392028376260055,-6.629562508306024,2
-0.38704142604011693,10.046751388749469,0
-1.3506020440453461,8.19360380984661,0
-6.482882830875163,-7.754375579895037,2
-6.397201374602541,-6.072318181501831,2
-2.616227983007308,7.9790438057789475,0
4.3619473479115385,1.7784386343405927,1
-6.773028877032425,-7.256094259145356,2
3.189414621534282,1.9016026497277623,1
-1.3297575023314632,8.545110476093617,0
7.156430057342762,1.14278732137874,1
4.630772468918261,3.230905845618195,1
-6.946781561886544,-6.474705456696055,2
-2.778604457497308,9.731828383994284,0
-2.9013057761849077,7.550771180066203,0
-7.009025222484821,-6.080786008023588,2
7.752770145166,0.9393879568063803,1
-6.931851800420006,-6.964520454870952,2
-3.039455241425191,8.221413295935978,0
-2.7641748404736055,10.51827911678101,0
-7.116546864686728,-6.887335728715086,2
3.970228414402309,2.2643046732881933,1
-2.028188391316037,9.238170152477453,0
5.1361991845497865,3.223463126354119,1
-0.5444724901363609,9.04954968017005,0
5.040967307335956,2.4557163932347525,1
-6.599167467180651,-7.0278497522905266,2
3.2550289670617447,-0.05435722448376845,1
4.865507193943466,2.5206111876400703,1
-6.6797832152749494,-7.2057880401718615,2
-6.844601109594679,-6.299170441971851,2
-7.47644560702951,-6.420532506470946,2
4.840190193401525,1.7444649293699162,1
6.257900086375045,1.915406979689671,1
-2.7015585878338726,9.315833470531935,0
-2.147802017544336,10.55232269466429,0
4.862880022031269,1.467540727263673,1
5.982668666269699,2.9259273864636866,1
-6.940101265455161,-6.670343371322433,2
5.890762068051457,2.661939802783387,1
-1.3460338708977906,9.024519189217909,0
-7.206665032714982,-7.795426041704175,2
-7.0942783034099,-7.226320083212874,2
-6.1085722148673325,-5.877063149196385,2
-6.946635774487729,-6.872765495911348,2
-7.406468400724447,-7.4140110540655435,2
-6.286775113819772,-6.520632937943414,2
-7.101268316747025,-7.322510950289397,2
-6.649641119681712,-7.218967278151999,2
-7.379792853454058,-7.218982078538373,2
-6.784836382851898,-6.3795865469923765,2
3.562267937874305,3.315556249357394,1
-1.5551958595595479,9.66567737950412,0
5.2999005113081,1.2200883474118154,1
-7.182434961019702,-5.9671047365024785,2
-1.8272446517577863,8.704019371604865,0
-2.004210344072293,9.880041322368443,0
-2.62152567274358,8.793316528665098,0
-7.200367988762746,-6.664148320938977,2
3.7764220968714404,2.1561844059087742,1
-6.7672848282753275,-6.413814177339401,2
8.088226021656977,1.4289118432812433,1
-3.9572819645500745,7.606822353821766,0
6.185304017275865,2.331353422480502,1
-7.347346542173568,-6.337118535188431,2
-2.4115215245039185,8.241276344342856,0
-3.837383671951181,9.211147364067445,0
4.507455763701219,5.84273369042221,1
-6.317570831158263,-6.406346362214518,2
4.528228692578032,2.904177830266749,1
-7.16788239151463,-8.175630739348401,2
-2.3956802778015023,9.676416802719368,0
6.047304545192098,1.1991025916146711,1
-7.180733221332161,-6.645722465238435,2
-1.9941499367467022,12.867017618853042,0
-7.619082975538334,-6.788429633386369,2
-7.202609280713538,-7.279705596601073,2
6.298167735665077,3.753715142281302,1
2.100443614935023,1.8256602437486071,1
-7.826434524628163,-6.773462739589477,2
-3.2112507169301026,8.686623981600553,0
-6.568841246223244,-7.064914761297763,2
5.4446436015837065,0.625467711254176,1
-2.4489674131117236,11.477528240683608,0
-3.3017183614854506,8.899549686731422,0
-2.8519121395795195,8.212008858976702,0
-7.869277096339164,-6.50615446521718,2
3.8144211054599713,0.9657346320336546,1
-6.38047174207729,-7.09591974963497,2
-6.991360182337196,-7.054767991335045,2
-2.4606759951079233,8.183336011787283,0
-6.945944064342557,-7.367374245611267,2
4.811220309221161,2.1986223261335485,1
-3.4286218572865534,10.564220533215861,0
8.430277475038533,1.176866524560251,1
5.81857907420435,2.611356026618179,1
-6.443978542422648,-7.553099433399321,2
-1.7619040179294885,9.624656393631787,0
-2.495268331139804,8.990161041088319,0
-2.9883718608980403,8.828627151534505,0
-2.9726153158652124,8.548556374628065,0
-1.3414155613929428,9.268706971499535,0
-6.438072302577691,-6.919028191782347,2
-1.8706051642753763,7.352766065929361,0
-7.781197029279243,-7.672177564778692,2
-6.948855183143157,-7.49225871142063,2
-6.961160673123152,-7.2525609156791715,2
-7.288726632862423,-6.881796821981423,2
-2.1982900574547455,10.489642345147873,0
4.69100403861694,0.8182098373527693,1
-6.231129917870716,-6.891543624425387,2
-6.285934165368895,-5.5853277722666395,2
4.839333347448416,0.9229884615319721,1
-3.3346948198452617,8.692900286545328,0
-2.5419508932687487,8.470861357064557,0
4.3774392011849885,0.839551944701465,1
5.797426902200618,-2.299644247004381,1
-7.7801560582276394,-7.1514464931429576,2
-3.8868669910098412,8.0764610882832,0
4.682356400423793,2.01780389318435,1
-7.588810057617786,-7.760513999266335,2
-1.8638216734676027,10.38291768573067,0
-6.695983534450599,-5.961017754878386,2
4.496935537647674,2.3917019725962407,1
-1.9326406599969839,9.325536282741858,0
-3.0628469283999324,7.816408235609473,0
-6.893384643676589,-5.993983794941075,2
4.724853723573762,2.767708815475828,1
7.336408626502385,2.9344339758412468,1
-1.8548319666986925,8.958701457287866,0
4.583426782590829,3.6281225069655143,1
4.353855235083081,2.2993189937103162,1
5.212782014575431,2.6182321547273366,1
-2.22922899673293,7.888797080899945,0
6.214207909207104,1.17031686659988,1
-6.795299855167906,-6.659139268491242,2
-5.942978303042497,-6.340085560418622,2
-2.437631385833358,8.536628681433205,0
6.268722184975468,2.685217033260661,1
-6.725210684851788,-6.029002120958328,2
-6.329147373651985,-5.90093586616565,2
-6.725923842246719,-6.472240987006298,2
3.6296428998622985,2.391660927276435,1
-7.415696697144074,-8.34078483502325,2
5.068676922315459,2.4748548689212697,1
-7.250862484000294,-7.5401208488863,2
-6.646412199934507,-6.8979303344246885,2
3.7015347839638073,2.5668749840968457,1
2.3050059882384746,1.3309969424918633,1
-1.9941623558440904,9.52807207911053,0
-7.365455558421913,-7.5699186756704115,2
-0.8642299095514665,8.765250088641944,0
-6.596872368335498,-7.760490972853855,2
-7.476589694350798,-6.808638045894093,2
-2.528213830955439,8.011756763560513,0
-6.351598786618244,-6.7684901362113665,2
-6.984138819794283,-7.305369820380597,2
-6.221069657481338,-6.939143856771486,2
-2.125132174113443,8.981591380104229,0
-6.888981569374219,-7.074368819820389,2
-7.40308268249224,-6.611783217012303,2
4.973079493678671,1.2550467514455161,1
5.073631802089828,5.656119893807073,1
-6.228756546451871,-6.09935399491252,2
4.193533581188113,4.036729903908161,1
1.6492753723709184,2.5342545387120903,1
-4.103625281847117,8.414911105244549,0
-2.186479062714661,8.187055184645999,0
-3.3987120526782735,8.198475843232883,0
-2.6609827180883334,9.602603334682899,0
-6.919447886774128,-6.65392369515108,2
-6.246773270718919,-7.313197017383197,2
6.085697511420466,5.288954186327759,1
5.608105107939714,5.218051768898922,1
4.944263367505051,-0.3004464885551159,1
-6.608895827048876,-6.500532013124623,2
-2.4393955380627315,8.628972531336562,0
4.534130669139465,2.7029221496800346,1
3.767357465305136,0.4510345879014317,1
6.112527066715493,1.4859226086777984,1
6.276844017119505,2.8868768653014976,1
4.6821505722817935,1.9594911889744266,1
-6.799340200626338,-6.878586583199239,2
-2.1850312705643082,8.884143073830638,0
-6.459317177898994,-6.606742809175257,2
-7.631987378166771,-6.5000816114311455,2
0.06416218019711017,9.07350456221281,0
5.479564508124661,3.594340772272665,1
-6.183394541119106,-7.005132850575423,2
-6.867517462814891,-6.173999315568232,2
-1.883530275287744,8.157128571782039,0
4.098429587499481,3.7121643889871043,1
-2.7581617715318236,9.985857079152677,0
-2.030217797306358,9.347948233485269,0
-7.27351906710539,-7.1905333924015045,2
-3.393055059253883,9.168011234143849,0
-7.687193099104025,-6.297739916047361,2
-1.6837812740647204,9.82779576419896,0
-7.147608913708294,-6.476080694135374,2
-3.155770507295277,7.932738124583927,0
5.515771114217047,1.4342315477601426,1
3.166147745920637,1.6362199589451951,1
5.093832034086651,0.841755908911695,1
-7.003972754243043,-6.07643680526595,2
-8.231243337650888,-6.541171933510493,2
-2.216125149754069,8.299934710171954,0
5.7020418512609865,3.408223159132608,1
3.8225002060146767,2.571873855468838,1
-7.065730579186797,-6.335735283423854,2
-6.674717862687014,-7.0007384205852174,2
-6.582848830010839,-8.350303910608087,2
4.473039744205051,0.6173082217435475,1
-3.109836312971555,8.722592378405045,0
3.1080296105320313,3.035704354889762,1
-6.422834878034646,-7.281699068616119,2
2.3515910798409934,0.9353075791188654,1
-1.106403312116651,7.612435065406041,0
-2.1768836110731584,8.265799591641768,0
-3.272456779595267,7.209404027533802,0
-6.215530120226741,-6.601994588575617,2
-1.6966718006585522,10.370526156769145,0
-2.1655793334842888,7.251245972835587,0
-6.622673266321812,-6.7903187023061475,2
3.863946161077543,4.087190844219101,1
-5.842585856276283,-7.339801889069158,2
-6.059644926465573,-6.50904584774,2
4.009598610584316,1.5504927706499712,1
-1.9898511088115778,10.5470250412009,0
-2.5226948477906843,7.956575199242421,0
-6.818024787759027,-6.604366905255713,2
-3.515215004552452,7.80009751541059,0
4.736590458443282,-0.990030165590075,1
7.060445739816072,2.6534711362117016,1
6.424084569615062,0.1317579612352433,1
5.5517236008029105,2.253083368675269,1
5.900844159711188,0.9942337149871456,1
-3.053580347577933,9.125208717908187,0
-3.189222344631241,9.246539825359324,0
4.38920171575282,2.193240213590716,1
5.731323151683571,2.051088512651681,1
-2.185113653657955,8.629203847782005,0
-2.4846874487938075,9.512284419443771,0
6.043396425949293,3.8805023264319702,1
-2.581207744633084,10.017819026090345,0
-6.502956380599004,-6.689530400834558,2
-4.547322158230604,8.006199817280917,0
-4.201662252767569,10.543836447658935,0
-7.246922979550295,-7.285235811783137,2
-4.4279688383517914,8.987772252749105,0
4.359571369986063,1.3135730965294696,1
4.569497967909325,2.688730924775414,1
-6.846131832538834,-6.622139984423897,2
4.615244492118974,3.755759594112858,1
-6.4048501234306086,-7.622558577500898,2
-2.784249320204394,6.712364963462736,0
-6.525519979522992,-6.763501527644196,2
-5.206084265994322,8.959991261680509,0
-7.092805989254042,-6.305886738677569,2
4.273643883292128,3.419300436373268,1
-1.895030923009325,9.771793838245626,0
-6.281311447828444,-7.185001045435638,2
4.893920072282218,-0.1474020614167384,1
-2.1779341916491863,9.98983125532068,0
5.535978941002888,3.0249287974070795,1
-6.959693588934591,-6.5444395550507135,2
3.5365839223434516,3.827309446756388,1
-7.3324933415825795,-7.206992762600357,2
-1.006840570956722,9.088380908618097,0
-6.0735168770235575,-6.431689935343181,2
2.6000946247582224,3.092550032981563,1
-1.471657678794851,8.504269729343575,0
-2.327331367994255,9.262506714498658,0
5.4241320682813505,1.1126196780328634,1
-6.735280376511342,-6.749948673890336,2
-2.4449176039572875,7.936541350269016,0
-1.0580540152577085,9.973556954283529,0
-3.110904235282147,10.86656431270726,0
2.762569699942435,4.138816590050621,1
4.926527438257956,2.0428245061749553,1
-2.740132153261428,9.71049249301174,0
-3.3489194652335263,8.4148934827543,0
5.10158148956619,-0.5920829050442062,1
3.0422083416150425,1.5153326274087306,1
6.363788825656615,0.9184050462519009,1
-5.848875402833071,-6.275926477979375,2
-1.885077806000595,9.642631637462602,0
3.215780502980187,5.921742781196818,1
3.725610532989177,1.692712729462563,1
-7.160711204440421,-6.984720530148211,2
